id,code,exception,name,tax_ipi_id:id,tax_ii_id:id,uoe_id:id
ncm_00000000,0000.00.00,,Sem NCM,,,
ncm_73239900,7323.99.00,,"Serviços de mesa, artigos de cozinha e outros artigos de uso doméstico, e suas partes, de ferro fundido, ferro ou aço; palha de ferro ou aço; esponjas, esfregões, luvas e artigos semelhantes para limpeza, polimento ou usos semelhantes, de ferro ou aço. - Outros: Outros",tax_ipi_10,tax_ii_18,uom.product_uom_kgm
ncm_73269090,7326.90.90,,Outras obras de ferro ou aço. - Outras,tax_ipi_5,tax_ii_18,uom.product_uom_kgm
ncm_94013090,9401.30.90,,"Assentos (exceto os da posição 94.02), mesmo transformáveis em camas, e suas partes. - Assentos giratórios de altura ajustável",tax_ipi_5,tax_ii_0,uom.product_uom_unit
ncm_94016100,9401.61.00,,"Assentos (exceto os da posição 94.02), mesmo transformáveis em camas, e suas partes. - Outros assentos, com armação de madeira: Estofados",tax_ipi_5,tax_ii_0,uom.product_uom_unit
ncm_94031000,9403.10.00,,"Outros móveis e suas partes. - Móveis de metal, do tipo utilizado em escritórios",tax_ipi_5,tax_ii_0,uom.product_uom_unit
ncm_94033000,9403.30.00,,"Outros móveis e suas partes. - Móveis de madeira, do tipo utilizado em escritórios",tax_ipi_5,tax_ii_0,uom.product_uom_unit
ncm_94052000,9405.20.00,,"Aparelhos de iluminação (incluindo os projetores) e suas partes, não especificados nem compreendidos noutras posições; anúncios, cartazes ou tabuletas e placas indicadoras, luminosos, e artigos semelhantes, que contenham uma fonte luminosa fixa permanente, e suas partes não especificadas nem compreendidas noutras posições. - Abajures (Candeeiros*) de cabeceira, de escritório e lampadários de interior, elétricos",tax_ipi_15,tax_ii_0,uom.product_uom_kgm
ncm_96100000,9610.00.00,,"Lousas e quadros para escrever ou desenhar, mesmo emoldurados.",tax_ipi_0,tax_ii_0,uom.product_uom_kgm
ncm_09021000,0902.10.00,,"Chá, mesmo aromatizado. - Chá verde (não fermentado) em embalagens imediatas de conteúdo não superior a 3 kg",tax_ipi_0,tax_ii_10,uom.product_uom_kgm
ncm_09103000,0910.30.00,,"Gengibre, açafrão, cúrcuma, tomilho, louro, caril e outras especiarias. - Cúrcuma",tax_ipi_0,tax_ii_10,uom.product_uom_kgm
ncm_10011900,1001.19.00,,Trigo e mistura de trigo com centeio (méteil). - Trigo duro: Outros,tax_ipi_nt,tax_ii_10,uom.product_uom_kgm
ncm_10062020,1006.20.20,,Arroz. - Arroz descascado (arroz cargo ou castanho),tax_ipi_nt,tax_ii_10,uom.product_uom_kgm
ncm_10085090,1008.50.90,,"Trigo mourisco, painço e alpiste; outros cereais. - Quinoa (Chenopodium quinoa)",tax_ipi_nt,tax_ii_8,uom.product_uom_kgm
ncm_11010010,1101.00.10,,Farinhas de trigo ou de mistura de trigo com centeio (méteil). De trigo,tax_ipi_nt,tax_ii_12,uom.product_uom_kgm
ncm_11041200,1104.12.00,,"Grãos de cereais trabalhados de outro modo (por exemplo, descascados, esmagados, em flocos, em pérolas, cortados ou partidos), com exclusão do arroz da posição 10.06; germes de cereais, inteiros, esmagados, em flocos ou moídos. - Grãos esmagados ou em flocos: De aveia",tax_ipi_0,tax_ii_10,uom.product_uom_kgm
ncm_11041900,1104.19.00,,"Grãos de cereais trabalhados de outro modo (por exemplo, descascados, esmagados, em flocos, em pérolas, cortados ou partidos), com exclusão do arroz da posição 10.06; germes de cereais, inteiros, esmagados, em flocos ou moídos. - Grãos esmagados ou em flocos: De outros cereais",tax_ipi_0,tax_ii_10,uom.product_uom_kgm
ncm_11042200,1104.22.00,,"Grãos de cereais trabalhados de outro modo (por exemplo, descascados, esmagados, em flocos, em pérolas, cortados ou partidos), com exclusão do arroz da posição 10.06; germes de cereais, inteiros, esmagados, em flocos ou moídos. - Outros grãos trabalhados (por exemplo, descascados, em pérolas, cortados ou partidos): De aveia",tax_ipi_0,tax_ii_10,uom.product_uom_kgm
ncm_11042900,1104.29.00,,"Grãos de cereais trabalhados de outro modo (por exemplo, descascados, esmagados, em flocos, em pérolas, cortados ou partidos), com exclusão do arroz da posição 10.06; germes de cereais, inteiros, esmagados, em flocos ou moídos. - Outros grãos trabalhados (por exemplo, descascados, em pérolas, cortados ou partidos): De outros cereais",tax_ipi_0,tax_ii_10,uom.product_uom_kgm
ncm_11043000,1104.30.00,,"Grãos de cereais trabalhados de outro modo (por exemplo, descascados, esmagados, em flocos, em pérolas, cortados ou partidos), com exclusão do arroz da posição 10.06; germes de cereais, inteiros, esmagados, em flocos ou moídos. - Germes de cereais, inteiros, esmagados, em flocos ou moídos",tax_ipi_0,tax_ii_10,uom.product_uom_kgm
ncm_11062000,1106.20.00,,"Farinhas, sêmolas e pós, dos legumes de vagem, secos, da posição 07.13, de sagu ou das raízes ou tubérculos da posição 07.14 e dos produtos do Capítulo 8. - De sagu ou das raízes ou tubérculos, da posição 07.14",tax_ipi_0,tax_ii_10,uom.product_uom_kgm
ncm_12019000,1201.90.00,,"Soja, mesmo triturada. - Outras",tax_ipi_nt,tax_ii_8,uom.product_uom_ton
ncm_12040090,1204.00.90,,"Linhaça (sementes de linho), mesmo triturada. Outras",tax_ipi_nt,tax_ii_8,uom.product_uom_kgm
ncm_12074090,1207.40.90,,"Outras sementes e frutos oleaginosos, mesmo triturados. - Sementes de gergelim",tax_ipi_nt,tax_ii_8,uom.product_uom_kgm
ncm_12079990,1207.99.90,,"Outras sementes e frutos oleaginosos, mesmo triturados. - Outros: Outros",tax_ipi_nt,tax_ii_8,uom.product_uom_kgm
ncm_12081000,1208.10.00,,"Farinhas de sementes ou de frutos oleaginosos, exceto farinha de mostarda. - De soja",tax_ipi_0,tax_ii_10,uom.product_uom_kgm
ncm_15131900,1513.19.00,,"Óleos de coco (copra), de amêndoa de palma (palmiste) (coconote) ou de babaçu, e respectivas frações, mesmo refinados, mas não quimicamente modificados. - Óleo de coco (copra) e respectivas frações: Outros",tax_ipi_0,tax_ii_10,uom.product_uom_kgm
ncm_17011400,1701.14.00,,"Açúcares de cana ou de beterraba e sacarose quimicamente pura, no estado sólido. - Açúcares brutos sem adição de aromatizantes ou de corantes: Outros açúcares de cana",tax_ipi_0,tax_ii_16,uom.product_uom_ton
ncm_17029000,1702.90.00,,"Outros açúcares, incluindo a lactose, maltose, glicose e frutose (levulose), quimicamente puras, no estado sólido; xaropes de açúcares, sem adição de aromatizantes ou de corantes; sucedâneos do mel, mesmo misturados com mel natural; açúcares e melaços caramelizados. - Outros, incluindo o açúcar invertido e os outros açúcares e xaropes de açúcares, que contenham, em peso, no estado seco, 50 % de frutose (levulose)",tax_ipi_5,tax_ii_16,uom.product_uom_kgm
ncm_19021100,1902.11.00,,"Massas alimentícias, mesmo cozidas ou recheadas (de carne ou de outras substâncias) ou preparadas de outro modo, tais como espaguete, macarrão, aletria, lasanha, nhoque, ravioli e canelone; cuscuz, mesmo preparado. - Massas alimentícias não cozidas, nem recheadas, nem preparadas de outro modo: Que contenham ovos",tax_ipi_0,tax_ii_16,uom.product_uom_kgm
ncm_19041000,1904.10.00,,"Produtos à base de cereais, obtidos por expansão ou por torrefação (flocos de milho (corn flakes), por exemplo); cereais (exceto milho) em grãos ou sob a forma de flocos ou de outros grãos trabalhados (com exceção da farinha, do grumo e da sêmola), pré- cozidos ou preparados de outro modo, não especificados nem compreendidos noutras posições. - Produtos à base de cereais, obtidos por expansão ou por torrefação",tax_ipi_0,tax_ii_16,uom.product_uom_kgm
ncm_19053100,1905.31.00,,"Produtos de padaria, pastelaria ou da indústria de bolachas e biscoitos, mesmo adicionados de cacau; hóstias, cápsulas vazias para medicamentos, obreias, pastas secas de farinha, amido ou fécula, em folhas, e produtos semelhantes. - Bolachas e biscoitos, adicionados de edulcorantes; waffles e wafers: Bolachas e biscoitos, adicionados de edulcorantes",tax_ipi_0,tax_ii_18,uom.product_uom_kgm
ncm_19059020,1905.90.20,,"Produtos de padaria, pastelaria ou da indústria de bolachas e biscoitos, mesmo adicionados de cacau; hóstias, cápsulas vazias para medicamentos, obreias, pastas secas de farinha, amido ou fécula, em folhas, e produtos semelhantes. - Outros",tax_ipi_0,tax_ii_18,uom.product_uom_kgm
ncm_21061000,2106.10.00,,Preparações alimentícias não especificadas nem compreendidas noutras posições. - Concentrados de proteínas e substâncias proteicas texturizadas,tax_ipi_0,tax_ii_14,uom.product_uom_kgm
ncm_21069010,2106.90.10,,Preparações alimentícias não especificadas nem compreendidas noutras posições. - Outras,tax_ipi_0,tax_ii_14,uom.product_uom_kgm
ncm_21069010_01,2106.90.10,01,"Ex 01 - Preparações compostas, não alcoólicas (extratos concentrados ou sabores concentrados), para elaboração de bebida da posição 22.02, com capacidade de diluição superior a 10 partes da bebida para cada parte do concentrado",tax_ipi_4,tax_ii_14,uom.product_uom_kgm
ncm_21069010_02,2106.90.10,02,"Ex 02 - Preparações compostas, não alcoólicas (extratos concentrados ou sabores concentrados), para elaboração de bebida refrigerante do Capítulo 22, com capacidade de diluição de até 10 partes da bebida para cada parte do concentrado",tax_ipi_4,tax_ii_14,uom.product_uom_kgm
ncm_25010090,2501.00.90,,"Sal (incluindo o sal de mesa e o sal desnaturado) e cloreto de sódio puro, mesmo em solução aquosa ou adicionados de agentes antiaglomerantes ou de agentes que assegurem uma boa fluidez; água do mar. Outros",tax_ipi_nt,tax_ii_4,uom.product_uom_kgm
ncm_25010090_01,2501.00.90,01,Ex 01 - Cloreto de sódio puro,tax_ipi_0,tax_ii_4,uom.product_uom_kgm
ncm_30064020,3006.40.20,,Preparações e artigos farmacêuticos indicados na Nota 4 deste Capítulo. - Cimentos e outros produtos para obturação dentária; cimentos para reconstituição óssea,tax_ipi_0,tax_ii_2,uom.product_uom_kgm
ncm_84714900,8471.49.00,,"Máquinas automáticas para processamento de dados e suas unidades; leitores magnéticos ou ópticos, máquinas para registrar dados em suporte sob forma codificada, e máquinas para processamento desses dados, não especificadas nem compreendidas noutras posições. - Outras máquinas automáticas para processamento de dados: Outras, apresentadas sob a forma de sistemas",tax_ipi_15,tax_ii_0,uom.product_uom_unit
ncm_90211010,9021.10.10,,"Artigos e aparelhos ortopédicos, incluindo as cintas e fundas (ligaduras*) médico- cirúrgicas e as muletas; talas, goteiras e outros artigos e aparelhos para fraturas; artigos e aparelhos de prótese; aparelhos para facilitar a audição dos surdos e outros aparelhos para compensar uma deficiência ou uma incapacidade, destinados a serem transportados à mão ou sobre as pessoas ou a serem implantados no organismo. - Artigos e aparelhos ortopédicos ou para fraturas",tax_ipi_0,tax_ii_0,uom.product_uom_kgm
ncm_19051000,1905.10.00,,"Produtos de padaria, pastelaria ou da indústria de bolachas e biscoitos, mesmo adicionados de cacau; hóstias, cápsulas vazias para medicamentos, obreias, pastas secas de farinha, amido ou fécula, em folhas, e produtos semelhantes. - Pão crocante denominado knäckebrot",tax_ipi_0,tax_ii_18,uom.product_uom_kgm
ncm_19052010,1905.20.10,,"Produtos de padaria, pastelaria ou da indústria de bolachas e biscoitos, mesmo adicionados de cacau; hóstias, cápsulas vazias para medicamentos, obreias, pastas secas de farinha, amido ou fécula, em folhas, e produtos semelhantes. - Pão de especiarias",tax_ipi_0,tax_ii_18,uom.product_uom_kgm
ncm_19052090,1905.20.90,,"Produtos de padaria, pastelaria ou da indústria de bolachas e biscoitos, mesmo adicionados de cacau; hóstias, cápsulas vazias para medicamentos, obreias, pastas secas de farinha, amido ou fécula, em folhas, e produtos semelhantes. - Pão de especiarias",tax_ipi_0,tax_ii_18,uom.product_uom_kgm
ncm_19054000,1905.40.00,,"Produtos de padaria, pastelaria ou da indústria de bolachas e biscoitos, mesmo adicionados de cacau; hóstias, cápsulas vazias para medicamentos, obreias, pastas secas de farinha, amido ou fécula, em folhas, e produtos semelhantes. - Torradas (tostas), pão torrado e produtos semelhantes torrados",tax_ipi_0,tax_ii_18,uom.product_uom_kgm
ncm_19059090,1905.90.90,,"Produtos de padaria, pastelaria ou da indústria de bolachas e biscoitos, mesmo adicionados de cacau; hóstias, cápsulas vazias para medicamentos, obreias, pastas secas de farinha, amido ou fécula, em folhas, e produtos semelhantes. - Outros",tax_ipi_0,tax_ii_18,uom.product_uom_kgm
ncm_19059090_01,1905.90.90,01,Ex 01 - Pão do tipo comum,tax_ipi_0,tax_ii_18,uom.product_uom_kgm
ncm_20079924,2007.99.24,,"Doces, geleias, marmelades, purês e pastas de fruta, obtidos por cozimento, mesmo com adição de açúcar ou de outros edulcorantes. - Outros: Outros Purês",tax_ipi_0,tax_ii_0,uom.product_uom_kgm
ncm_22030000,2203.00.00,,Cervejas de malte.,tax_ipi_6,tax_ii_20,uom.product_uom_litre
ncm_22030000_01,2203.00.00,01,Ex 01 - Chope,tax_ipi_6,tax_ii_20,uom.product_uom_litre
ncm_22041010,2204.10.10,,"Vinhos de uvas frescas, incluindo os vinhos enriquecidos com álcool; mostos de uvas, excluindo os da posição 20.09. - Vinhos espumantes e vinhos espumosos",tax_ipi_10,tax_ii_20,uom.product_uom_litre
ncm_22041090,2204.10.90,,"Vinhos de uvas frescas, incluindo os vinhos enriquecidos com álcool; mostos de uvas, excluindo os da posição 20.09. - Vinhos espumantes e vinhos espumosos",tax_ipi_10,tax_ii_20,uom.product_uom_litre
ncm_22042100,2204.21.00,,"Vinhos de uvas frescas, incluindo os vinhos enriquecidos com álcool; mostos de uvas, excluindo os da posição 20.09. - Outros vinhos; mostos de uvas cuja fermentação tenha sido impedida ou interrompida por adição de álcool: Em recipientes de capacidade não superior a 2 l",tax_ipi_10,tax_ii_20,uom.product_uom_litre
ncm_22042100_01,2204.21.00,01,"Ex 01 - Vinhos da madeira, do porto e de xerez",tax_ipi_20,tax_ii_20,uom.product_uom_litre
ncm_22042211,2204.22.11,,"Vinhos de uvas frescas, incluindo os vinhos enriquecidos com álcool; mostos de uvas, excluindo os da posição 20.09. - Outros vinhos; mostos de uvas cuja fermentação tenha sido impedida ou interrompida por adição de álcool: Em recipientes de capacidade superior a 2 l, mas não superior a 10 l Vinhos",tax_ipi_10,tax_ii_0,uom.product_uom_litre
ncm_22042211_01,2204.22.11,01,"Ex 01 - Vinhos da madeira, do porto e de xerez",tax_ipi_20,tax_ii_0,uom.product_uom_litre
ncm_22042219,2204.22.19,,"Vinhos de uvas frescas, incluindo os vinhos enriquecidos com álcool; mostos de uvas, excluindo os da posição 20.09. - Outros vinhos; mostos de uvas cuja fermentação tenha sido impedida ou interrompida por adição de álcool: Em recipientes de capacidade superior a 2 l, mas não superior a 10 l Vinhos",tax_ipi_10,tax_ii_0,uom.product_uom_litre
ncm_22042219_01,2204.22.19,01,"Ex 01 - Vinhos da madeira, do porto e de xerez",tax_ipi_20,tax_ii_0,uom.product_uom_litre
ncm_22042220,2204.22.20,,"Vinhos de uvas frescas, incluindo os vinhos enriquecidos com álcool; mostos de uvas, excluindo os da posição 20.09. - Outros vinhos; mostos de uvas cuja fermentação tenha sido impedida ou interrompida por adição de álcool: Em recipientes de capacidade superior a 2 l, mas não superior a 10 l",tax_ipi_10,tax_ii_0,uom.product_uom_litre
ncm_22042910,2204.29.10,,"Vinhos de uvas frescas, incluindo os vinhos enriquecidos com álcool; mostos de uvas, excluindo os da posição 20.09. - Outros vinhos; mostos de uvas cuja fermentação tenha sido impedida ou interrompida por adição de álcool: Outros",tax_ipi_10,tax_ii_0,uom.product_uom_litre
ncm_22042910_01,2204.29.10,01,"Ex 01 - Vinhos da madeira, do porto e de xerez",tax_ipi_20,tax_ii_0,uom.product_uom_litre
ncm_22042920,2204.29.20,,"Vinhos de uvas frescas, incluindo os vinhos enriquecidos com álcool; mostos de uvas, excluindo os da posição 20.09. - Outros vinhos; mostos de uvas cuja fermentação tenha sido impedida ou interrompida por adição de álcool: Outros",tax_ipi_10,tax_ii_20,uom.product_uom_litre
ncm_22043000,2204.30.00,,"Vinhos de uvas frescas, incluindo os vinhos enriquecidos com álcool; mostos de uvas, excluindo os da posição 20.09. - Outros mostos de uvas",tax_ipi_10,tax_ii_20,uom.product_uom_litre
ncm_22051000,2205.10.00,,Vermutes e outros vinhos de uvas frescas aromatizados por plantas ou substâncias aromáticas. - Em recipientes de capacidade não superior a 2 l,tax_ipi_15,tax_ii_20,uom.product_uom_litre
ncm_22059000,2205.90.00,,Vermutes e outros vinhos de uvas frescas aromatizados por plantas ou substâncias aromáticas. - Outros,tax_ipi_15,tax_ii_20,uom.product_uom_litre
ncm_22060010,2206.00.10,,"Outras bebidas fermentadas (por exemplo, sidra, perada, hidromel, saquê); misturas de bebidas fermentadas e misturas de bebidas fermentadas com bebidas não alcoólicas, não especificadas nem compreendidas noutras posições. Sidra",tax_ipi_10,tax_ii_20,uom.product_uom_litre
ncm_22060090,2206.00.90,,"Outras bebidas fermentadas (por exemplo, sidra, perada, hidromel, saquê); misturas de bebidas fermentadas e misturas de bebidas fermentadas com bebidas não alcoólicas, não especificadas nem compreendidas noutras posições. Outras",tax_ipi_10,tax_ii_20,uom.product_uom_litre
ncm_22060090_01,2206.00.90,01,Ex 01 - Com teor alcoólico superior a 14%,tax_ipi_20,tax_ii_20,uom.product_uom_litre
ncm_22082000,2208.20.00,,"Álcool etílico não desnaturado, com um teor alcoólico, em volume, inferior a 80 % vol; aguardentes, licores e outras bebidas espirituosas. - Aguardentes de vinho ou de bagaço de uvas",tax_ipi_30,tax_ii_20,uom.product_uom_litre
ncm_22083010,2208.30.10,,"Álcool etílico não desnaturado, com um teor alcoólico, em volume, inferior a 80 % vol; aguardentes, licores e outras bebidas espirituosas. - Uísques",tax_ipi_30,tax_ii_12,uom.product_uom_litre
ncm_22083020,2208.30.20,,"Álcool etílico não desnaturado, com um teor alcoólico, em volume, inferior a 80 % vol; aguardentes, licores e outras bebidas espirituosas. - Uísques",tax_ipi_30,tax_ii_20,uom.product_uom_litre
ncm_22083090,2208.30.90,,"Álcool etílico não desnaturado, com um teor alcoólico, em volume, inferior a 80 % vol; aguardentes, licores e outras bebidas espirituosas. - Uísques",tax_ipi_30,tax_ii_20,uom.product_uom_litre
ncm_22084000,2208.40.00,,"Álcool etílico não desnaturado, com um teor alcoólico, em volume, inferior a 80 % vol; aguardentes, licores e outras bebidas espirituosas. - Rum e outras aguardentes provenientes da destilação, após fermentação, de produtos da cana-de-açúcar",tax_ipi_25,tax_ii_20,uom.product_uom_litre
ncm_22084000_01,2208.40.00,01,Ex 01 - Rum e outras aguardentes obtidas do melaço da cana,tax_ipi_30,tax_ii_20,uom.product_uom_litre
ncm_22085000,2208.50.00,,"Álcool etílico não desnaturado, com um teor alcoólico, em volume, inferior a 80 % vol; aguardentes, licores e outras bebidas espirituosas. - Gim e genebra",tax_ipi_30,tax_ii_20,uom.product_uom_litre
ncm_22086000,2208.60.00,,"Álcool etílico não desnaturado, com um teor alcoólico, em volume, inferior a 80 % vol; aguardentes, licores e outras bebidas espirituosas. - Vodca",tax_ipi_30,tax_ii_20,uom.product_uom_litre
ncm_22087000,2208.70.00,,"Álcool etílico não desnaturado, com um teor alcoólico, em volume, inferior a 80 % vol; aguardentes, licores e outras bebidas espirituosas. - Licores",tax_ipi_30,tax_ii_20,uom.product_uom_litre
ncm_22089000,2208.90.00,,"Álcool etílico não desnaturado, com um teor alcoólico, em volume, inferior a 80 % vol; aguardentes, licores e outras bebidas espirituosas. - Outros",tax_ipi_30,tax_ii_20,uom.product_uom_litre
ncm_22089000_01,2208.90.00,01,Ex 01 - Álcool etílico,tax_ipi_8,tax_ii_20,uom.product_uom_litre
ncm_22089000_02,2208.90.00,02,Ex 02 - Bebida refrescante com teor alcoólico inferior a 8%,tax_ipi_20,tax_ii_20,uom.product_uom_litre
ncm_23024000,2302.40.00,,"Sêmeas, farelos e outros resíduos, mesmo em pellets, da peneiração, moagem ou de outros tratamentos de cereais ou de leguminosas. - De outros cereais",tax_ipi_0,tax_ii_6,uom.product_uom_kgm
ncm_24011010,2401.10.10,,Tabaco não manufaturado; desperdícios de tabaco. - Tabaco não destalado,tax_ipi_nt,tax_ii_14,uom.product_uom_kgm
ncm_24011020,2401.10.20,,Tabaco não manufaturado; desperdícios de tabaco. - Tabaco não destalado,tax_ipi_nt,tax_ii_14,uom.product_uom_kgm
ncm_24011030,2401.10.30,,Tabaco não manufaturado; desperdícios de tabaco. - Tabaco não destalado,tax_ipi_nt,tax_ii_14,uom.product_uom_kgm
ncm_24011040,2401.10.40,,Tabaco não manufaturado; desperdícios de tabaco. - Tabaco não destalado,tax_ipi_nt,tax_ii_10,uom.product_uom_kgm
ncm_24011090,2401.10.90,,Tabaco não manufaturado; desperdícios de tabaco. - Tabaco não destalado,tax_ipi_nt,tax_ii_14,uom.product_uom_kgm
ncm_24012010,2401.20.10,,Tabaco não manufaturado; desperdícios de tabaco. - Tabaco total ou parcialmente destalado,tax_ipi_30,tax_ii_14,uom.product_uom_kgm
ncm_24012020,2401.20.20,,Tabaco não manufaturado; desperdícios de tabaco. - Tabaco total ou parcialmente destalado,tax_ipi_30,tax_ii_14,uom.product_uom_kgm
ncm_24012030,2401.20.30,,Tabaco não manufaturado; desperdícios de tabaco. - Tabaco total ou parcialmente destalado,tax_ipi_30,tax_ii_14,uom.product_uom_kgm
ncm_24012040,2401.20.40,,Tabaco não manufaturado; desperdícios de tabaco. - Tabaco total ou parcialmente destalado,tax_ipi_30,tax_ii_14,uom.product_uom_kgm
ncm_24012090,2401.20.90,,Tabaco não manufaturado; desperdícios de tabaco. - Tabaco total ou parcialmente destalado,tax_ipi_30,tax_ii_14,uom.product_uom_kgm
ncm_24013000,2401.30.00,,Tabaco não manufaturado; desperdícios de tabaco. - Desperdícios de tabaco,tax_ipi_nt,tax_ii_14,uom.product_uom_kgm
ncm_24021000,2402.10.00,,"Charutos, cigarrilhas e cigarros, de tabaco ou dos seus sucedâneos. - Charutos e cigarrilhas, que contenham tabaco",tax_ipi_30,tax_ii_20,UOM_UN1000
ncm_24021000_01,2402.10.00,01,Ex 01 - Cigarrillhas,tax_ipi_300,tax_ii_20,UOM_UN1000
ncm_24022000,2402.20.00,,"Charutos, cigarrilhas e cigarros, de tabaco ou dos seus sucedâneos. - Cigarros que contenham tabaco",tax_ipi_300,tax_ii_20,UOM_UN1000
ncm_24022000_01,2402.20.00,01,Ex 01 - Feitos à mão,tax_ipi_30,tax_ii_20,UOM_UN1000
ncm_24029000,2402.90.00,,"Charutos, cigarrilhas e cigarros, de tabaco ou dos seus sucedâneos. - Outros",tax_ipi_30,tax_ii_20,UOM_UN1000
ncm_24029000_01,2402.90.00,01,"Ex 01 - Cigarros não contendo fumo (tabaco), exceto os feitos à mão",tax_ipi_300,tax_ii_20,UOM_UN1000
ncm_24031100,2403.11.00,,"Outros produtos de tabaco e seus sucedâneos, manufaturados; tabaco “homogeneizado” ou “reconstituído”; extratos e molhos de tabaco. - Tabaco para fumar, mesmo que contenha sucedâneos de tabaco em qualquer proporção: Tabaco para narguilé (cachimbo de água) mencionado na Nota de subposição 1 do presente Capítulo",tax_ipi_30,tax_ii_20,uom.product_uom_kgm
ncm_24031900,2403.19.00,,"Outros produtos de tabaco e seus sucedâneos, manufaturados; tabaco “homogeneizado” ou “reconstituído”; extratos e molhos de tabaco. - Tabaco para fumar, mesmo que contenha sucedâneos de tabaco em qualquer proporção: Outros",tax_ipi_30,tax_ii_20,uom.product_uom_kgm
ncm_24039100,2403.91.00,,"Outros produtos de tabaco e seus sucedâneos, manufaturados; tabaco “homogeneizado” ou “reconstituído”; extratos e molhos de tabaco. - Outros: Tabaco “homogeneizado” ou “reconstituído”",tax_ipi_30,tax_ii_14,uom.product_uom_kgm
ncm_24039910,2403.99.10,,"Outros produtos de tabaco e seus sucedâneos, manufaturados; tabaco “homogeneizado” ou “reconstituído”; extratos e molhos de tabaco. - Outros: Outros",tax_ipi_30,tax_ii_14,uom.product_uom_kgm
ncm_24039990,2403.99.90,,"Outros produtos de tabaco e seus sucedâneos, manufaturados; tabaco “homogeneizado” ou “reconstituído”; extratos e molhos de tabaco. - Outros: Outros",tax_ipi_30,tax_ii_18,uom.product_uom_kgm
ncm_25241000,2524.10.00,,Amianto. - Crocidolita,tax_ipi_nt,tax_ii_4,uom.product_uom_kgm
ncm_25249000,2524.90.00,,Amianto. - Outros,tax_ipi_nt,tax_ii_4,uom.product_uom_kgm
ncm_27101241,2710.12.41,,"Óleos de petróleo ou de minerais betuminosos, exceto óleos brutos; preparações não especificadas nem compreendidas noutras posições, que contenham, como constituintes básicos, 70 % ou mais, em peso, de óleos de petróleo ou de minerais betuminosos; resíduos de óleos. - Óleos de petróleo ou de minerais betuminosos (exceto óleos brutos) e preparações não especificadas nem compreendidas noutras posições, que contenham, como constituintes básicos, 70 % ou mais, em peso, de óleos de petróleo ou de minerais betuminosos, exceto os que contenham biodiesel e exceto os resíduos de óleos: Óleos leves e preparações Naftas",tax_ipi_nt,tax_ii_0,UOM_M3
ncm_27101249,2710.12.49,,"Óleos de petróleo ou de minerais betuminosos, exceto óleos brutos; preparações não especificadas nem compreendidas noutras posições, que contenham, como constituintes básicos, 70 % ou mais, em peso, de óleos de petróleo ou de minerais betuminosos; resíduos de óleos. - Óleos de petróleo ou de minerais betuminosos (exceto óleos brutos) e preparações não especificadas nem compreendidas noutras posições, que contenham, como constituintes básicos, 70 % ou mais, em peso, de óleos de petróleo ou de minerais betuminosos, exceto os que contenham biodiesel e exceto os resíduos de óleos: Óleos leves e preparações Naftas",tax_ipi_nt,tax_ii_0,UOM_M3
ncm_28241000,2824.10.00,,"Óxidos de chumbo; mínio (zarcão) e mínio-laranja (mine-orange). - Monóxido de chumbo (litargírio, massicote)",tax_ipi_0,tax_ii_10,uom.product_uom_kgm
ncm_28249010,2824.90.10,,Óxidos de chumbo; mínio (zarcão) e mínio-laranja (mine-orange). - Outros,tax_ipi_0,tax_ii_10,uom.product_uom_kgm
ncm_28249090,2824.90.90,,Óxidos de chumbo; mínio (zarcão) e mínio-laranja (mine-orange). - Outros,tax_ipi_0,tax_ii_10,uom.product_uom_kgm
ncm_28332400,2833.24.00,,Sulfatos; alumes; peroxossulfatos (persulfatos). - Outros sulfatos: De níquel,tax_ipi_0,tax_ii_10,uom.product_uom_kgm
ncm_28352400,2835.24.00,,"Fosfinatos (hipofosfitos), fosfonatos (fosfitos) e fosfatos; polifosfatos de constituição química definida ou não. - Fosfatos: De potássio",tax_ipi_0,tax_ii_10,uom.product_uom_kgm
ncm_28521024,2852.10.24,,"Compostos, inorgânicos ou orgânicos, de mercúrio, de constituição química definida ou não, exceto as amálgamas. - De constituição química definida Compostos orgânicos",tax_ipi_0,tax_ii_12,uom.product_uom_kgm
ncm_29012410,2901.24.10,,"Hidrocarbonetos acíclicos. - Não saturados: Buta-1,3-dieno e isopreno",tax_ipi_0,tax_ii_2,uom.product_uom_kgm
ncm_29012420,2901.24.20,,"Hidrocarbonetos acíclicos. - Não saturados: Buta-1,3-dieno e isopreno",tax_ipi_0,tax_ii_2,uom.product_uom_kgm
ncm_29024100,2902.41.00,,Hidrocarbonetos cíclicos. - Xilenos: o-Xileno,tax_ipi_0,tax_ii_4,uom.product_uom_kgm
ncm_29024200,2902.42.00,,Hidrocarbonetos cíclicos. - Xilenos: m-Xileno,tax_ipi_0,tax_ii_2,uom.product_uom_kgm
ncm_29024300,2902.43.00,,Hidrocarbonetos cíclicos. - Xilenos: p-Xileno,tax_ipi_0,tax_ii_4,uom.product_uom_kgm
ncm_29024400,2902.44.00,,Hidrocarbonetos cíclicos. - Xilenos: Mistura de isômeros do xileno,tax_ipi_0,tax_ii_4,uom.product_uom_kgm
ncm_29037724,2903.77.24,,"Derivados halogenados dos hidrocarbonetos. - Derivados halogenados dos hidrocarbonetos acíclicos que contenham pelo menos dois halogênios diferentes: Outros, peralogenados unicamente com flúor e cloro Derivados peralogenados do etano, unicamente com flúor e cloro",tax_ipi_0,tax_ii_2,uom.product_uom_kgm
ncm_29039924,2903.99.24,,"Derivados halogenados dos hidrocarbonetos. - Derivados halogenados dos hidrocarbonetos aromáticos: Outros Derivados halogenados, unicamente com bromo",tax_ipi_0,tax_ii_2,uom.product_uom_kgm
ncm_29094924,2909.49.24,,"Éteres, éteres-álcoois, éteres-fenóis, éteres-álcoois-fenóis, peróxidos de álcoois, peróxidos de éteres, peróxidos de cetonas (de constituição química definida ou não), e seus derivados halogenados, sulfonados, nitrados ou nitrosados. - Éteres-álcoois e seus derivados halogenados, sulfonados, nitrados ou nitrosados: Outros Etilenoglicóis e seus éteres",tax_ipi_0,tax_ii_14,uom.product_uom_kgm
ncm_29124100,2912.41.00,,"Aldeídos, mesmo que contenham outras funções oxigenadas; polímeros cíclicos dos aldeídos; paraformaldeído. - Aldeídos-álcoois, aldeídos-éteres, aldeídos-fenóis e aldeídos que contenham outras funções oxigenadas: Vanilina (aldeído metilprotocatéquico)",tax_ipi_0,tax_ii_2,uom.product_uom_kgm
ncm_29124200,2912.42.00,,"Aldeídos, mesmo que contenham outras funções oxigenadas; polímeros cíclicos dos aldeídos; paraformaldeído. - Aldeídos-álcoois, aldeídos-éteres, aldeídos-fenóis e aldeídos que contenham outras funções oxigenadas: Etilvanilina (aldeído etilprotocatéquico)",tax_ipi_0,tax_ii_2,uom.product_uom_kgm
ncm_29124910,2912.49.10,,"Aldeídos, mesmo que contenham outras funções oxigenadas; polímeros cíclicos dos aldeídos; paraformaldeído. - Aldeídos-álcoois, aldeídos-éteres, aldeídos-fenóis e aldeídos que contenham outras funções oxigenadas: Outros",tax_ipi_0,tax_ii_2,uom.product_uom_kgm
ncm_29124920,2912.49.20,,"Aldeídos, mesmo que contenham outras funções oxigenadas; polímeros cíclicos dos aldeídos; paraformaldeído. - Aldeídos-álcoois, aldeídos-éteres, aldeídos-fenóis e aldeídos que contenham outras funções oxigenadas: Outros",tax_ipi_0,tax_ii_2,uom.product_uom_kgm
ncm_29124930,2912.49.30,,"Aldeídos, mesmo que contenham outras funções oxigenadas; polímeros cíclicos dos aldeídos; paraformaldeído. - Aldeídos-álcoois, aldeídos-éteres, aldeídos-fenóis e aldeídos que contenham outras funções oxigenadas: Outros",tax_ipi_0,tax_ii_2,uom.product_uom_kgm
ncm_29124941,2912.49.41,,"Aldeídos, mesmo que contenham outras funções oxigenadas; polímeros cíclicos dos aldeídos; paraformaldeído. - Aldeídos-álcoois, aldeídos-éteres, aldeídos-fenóis e aldeídos que contenham outras funções oxigenadas: Outros Aldeídos-álcoois",tax_ipi_0,tax_ii_2,uom.product_uom_kgm
ncm_29124949,2912.49.49,,"Aldeídos, mesmo que contenham outras funções oxigenadas; polímeros cíclicos dos aldeídos; paraformaldeído. - Aldeídos-álcoois, aldeídos-éteres, aldeídos-fenóis e aldeídos que contenham outras funções oxigenadas: Outros Aldeídos-álcoois",tax_ipi_0,tax_ii_12,uom.product_uom_kgm
ncm_29124990,2912.49.90,,"Aldeídos, mesmo que contenham outras funções oxigenadas; polímeros cíclicos dos aldeídos; paraformaldeído. - Aldeídos-álcoois, aldeídos-éteres, aldeídos-fenóis e aldeídos que contenham outras funções oxigenadas: Outros",tax_ipi_0,tax_ii_2,uom.product_uom_kgm
ncm_29152400,2915.24.00,,"Ácidos monocarboxílicos acíclicos saturados e seus anidridos, halogenetos, peróxidos e peroxiácidos; seus derivados halogenados, sulfonados, nitrados ou nitrosados. - Ácido acético e seus sais; anidrido acético: Anidrido acético",tax_ipi_0,tax_ii_12,uom.product_uom_kgm
ncm_29159024,2915.90.24,,"Ácidos monocarboxílicos acíclicos saturados e seus anidridos, halogenetos, peróxidos e peroxiácidos; seus derivados halogenados, sulfonados, nitrados ou nitrosados. - Outros Ácido 2-etilexanóico, seus sais e seus ésteres",tax_ipi_0,tax_ii_2,uom.product_uom_kgm
ncm_29161240,2916.12.40,,"Ácidos monocarboxílicos acíclicos não saturados e ácidos monocarboxílicos cíclicos, seus anidridos, halogenetos, peróxidos e peroxiácidos; seus derivados halogenados, sulfonados, nitrados ou nitrosados. - Ácidos monocarboxílicos acíclicos não saturados, seus anidridos, halogenetos, peróxidos e peroxiácidos e seus derivados: Ésteres do ácido acrílico",tax_ipi_0,tax_ii_2,uom.product_uom_kgm
ncm_29202400,2920.24.00,,"Ésteres dos outros ácidos inorgânicos de não-metais (exceto os ésteres de halogenetos de hidrogênio) e seus sais; seus derivados halogenados, sulfonados, nitrados ou nitrosados. - Ésteres de fosfitos e seus sais; seus derivados halogenados, sulfonados, nitrados ou nitrosados: Fosfito de trietila",tax_ipi_0,tax_ii_0,uom.product_uom_kgm
ncm_29211924,2921.19.24,,Compostos de função amina. - Monoaminas acíclicas e seus derivados; sais destes produtos: Outros n-Propilaminas e isopropilaminas; sais destes produtos,tax_ipi_0,tax_ii_14,uom.product_uom_kgm
ncm_29214241,2921.42.41,,Compostos de função amina. - Monoaminas aromáticas e seus derivados; sais destes produtos: Derivados da anilina e seus sais Cloronitroanilinas e seus sais,tax_ipi_0,tax_ii_2,uom.product_uom_kgm
ncm_29214249,2921.42.49,,Compostos de função amina. - Monoaminas aromáticas e seus derivados; sais destes produtos: Derivados da anilina e seus sais Cloronitroanilinas e seus sais,tax_ipi_0,tax_ii_2,uom.product_uom_kgm
ncm_29224110,2922.41.10,,"Compostos aminados de funções oxigenadas. - Aminoácidos, exceto os que contenham mais de um tipo de função oxigenada, e seus ésteres; sais destes produtos: Lisina e seus ésteres; sais destes produtos",tax_ipi_0,tax_ii_12,uom.product_uom_kgm
ncm_29224190,2922.41.90,,"Compostos aminados de funções oxigenadas. - Aminoácidos, exceto os que contenham mais de um tipo de função oxigenada, e seus ésteres; sais destes produtos: Lisina e seus ésteres; sais destes produtos",tax_ipi_0,tax_ii_12,uom.product_uom_kgm
ncm_29224210,2922.42.10,,"Compostos aminados de funções oxigenadas. - Aminoácidos, exceto os que contenham mais de um tipo de função oxigenada, e seus ésteres; sais destes produtos: Ácido glutâmico e seus sais",tax_ipi_0,tax_ii_2,uom.product_uom_kgm
ncm_29224220,2922.42.20,,"Compostos aminados de funções oxigenadas. - Aminoácidos, exceto os que contenham mais de um tipo de função oxigenada, e seus ésteres; sais destes produtos: Ácido glutâmico e seus sais",tax_ipi_0,tax_ii_8,uom.product_uom_kgm
ncm_29224300,2922.43.00,,"Compostos aminados de funções oxigenadas. - Aminoácidos, exceto os que contenham mais de um tipo de função oxigenada, e seus ésteres; sais destes produtos: Ácido antranílico e seus sais",tax_ipi_0,tax_ii_2,uom.product_uom_kgm
ncm_29224410,2922.44.10,,"Compostos aminados de funções oxigenadas. - Aminoácidos, exceto os que contenham mais de um tipo de função oxigenada, e seus ésteres; sais destes produtos: Tilidina (DCI) e seus sais",tax_ipi_0,tax_ii_2,uom.product_uom_kgm
ncm_29224420,2922.44.20,,"Compostos aminados de funções oxigenadas. - Aminoácidos, exceto os que contenham mais de um tipo de função oxigenada, e seus ésteres; sais destes produtos: Tilidina (DCI) e seus sais",tax_ipi_0,tax_ii_2,uom.product_uom_kgm
ncm_29224910,2922.49.10,,"Compostos aminados de funções oxigenadas. - Aminoácidos, exceto os que contenham mais de um tipo de função oxigenada, e seus ésteres; sais destes produtos: Outros",tax_ipi_0,tax_ii_2,uom.product_uom_kgm
ncm_29224920,2922.49.20,,"Compostos aminados de funções oxigenadas. - Aminoácidos, exceto os que contenham mais de um tipo de função oxigenada, e seus ésteres; sais destes produtos: Outros",tax_ipi_0,tax_ii_12,uom.product_uom_kgm
ncm_29224931,2922.49.31,,"Compostos aminados de funções oxigenadas. - Aminoácidos, exceto os que contenham mais de um tipo de função oxigenada, e seus ésteres; sais destes produtos: Outros Ácido iminodiacético e seus sais",tax_ipi_0,tax_ii_2,uom.product_uom_kgm
ncm_29224932,2922.49.32,,"Compostos aminados de funções oxigenadas. - Aminoácidos, exceto os que contenham mais de um tipo de função oxigenada, e seus ésteres; sais destes produtos: Outros Ácido iminodiacético e seus sais",tax_ipi_0,tax_ii_2,uom.product_uom_kgm
ncm_29224940,2922.49.40,,"Compostos aminados de funções oxigenadas. - Aminoácidos, exceto os que contenham mais de um tipo de função oxigenada, e seus ésteres; sais destes produtos: Outros",tax_ipi_0,tax_ii_12,uom.product_uom_kgm
ncm_29224951,2922.49.51,,"Compostos aminados de funções oxigenadas. - Aminoácidos, exceto os que contenham mais de um tipo de função oxigenada, e seus ésteres; sais destes produtos: Outros alfa-Fenilglicina e seus sais; derivados destes produtos",tax_ipi_0,tax_ii_2,uom.product_uom_kgm
ncm_29224952,2922.49.52,,"Compostos aminados de funções oxigenadas. - Aminoácidos, exceto os que contenham mais de um tipo de função oxigenada, e seus ésteres; sais destes produtos: Outros alfa-Fenilglicina e seus sais; derivados destes produtos",tax_ipi_0,tax_ii_12,uom.product_uom_kgm
ncm_29224959,2922.49.59,,"Compostos aminados de funções oxigenadas. - Aminoácidos, exceto os que contenham mais de um tipo de função oxigenada, e seus ésteres; sais destes produtos: Outros alfa-Fenilglicina e seus sais; derivados destes produtos",tax_ipi_0,tax_ii_2,uom.product_uom_kgm
ncm_29224961,2922.49.61,,"Compostos aminados de funções oxigenadas. - Aminoácidos, exceto os que contenham mais de um tipo de função oxigenada, e seus ésteres; sais destes produtos: Outros Diclofenaco e seus sais; derivados destes produtos",tax_ipi_0,tax_ii_14,uom.product_uom_kgm
ncm_29224962,2922.49.62,,"Compostos aminados de funções oxigenadas. - Aminoácidos, exceto os que contenham mais de um tipo de função oxigenada, e seus ésteres; sais destes produtos: Outros Diclofenaco e seus sais; derivados destes produtos",tax_ipi_0,tax_ii_14,uom.product_uom_kgm
ncm_29224963,2922.49.63,,"Compostos aminados de funções oxigenadas. - Aminoácidos, exceto os que contenham mais de um tipo de função oxigenada, e seus ésteres; sais destes produtos: Outros Diclofenaco e seus sais; derivados destes produtos",tax_ipi_0,tax_ii_14,uom.product_uom_kgm
ncm_29224964,2922.49.64,,"Compostos aminados de funções oxigenadas. - Aminoácidos, exceto os que contenham mais de um tipo de função oxigenada, e seus ésteres; sais destes produtos: Outros Diclofenaco e seus sais; derivados destes produtos",tax_ipi_0,tax_ii_14,uom.product_uom_kgm
ncm_29224969,2922.49.69,,"Compostos aminados de funções oxigenadas. - Aminoácidos, exceto os que contenham mais de um tipo de função oxigenada, e seus ésteres; sais destes produtos: Outros Diclofenaco e seus sais; derivados destes produtos",tax_ipi_0,tax_ii_2,uom.product_uom_kgm
ncm_29224990,2922.49.90,,"Compostos aminados de funções oxigenadas. - Aminoácidos, exceto os que contenham mais de um tipo de função oxigenada, e seus ésteres; sais destes produtos: Outros",tax_ipi_0,tax_ii_2,uom.product_uom_kgm
ncm_29241100,2924.11.00,,Compostos de função carboxiamida; compostos de função amida do ácido carbônico. - Amidas (incluindo os carbamatos) acíclicas e seus derivados; sais destes produtos: Meprobamato (DCI),tax_ipi_0,tax_ii_2,uom.product_uom_kgm
ncm_29241210,2924.12.10,,"Compostos de função carboxiamida; compostos de função amida do ácido carbônico. - Amidas (incluindo os carbamatos) acíclicas e seus derivados; sais destes produtos: Fluoracetamida (ISO), fosfamidona (ISO) e monocrotofós (ISO)",tax_ipi_0,tax_ii_2,uom.product_uom_kgm
ncm_29241220,2924.12.20,,"Compostos de função carboxiamida; compostos de função amida do ácido carbônico. - Amidas (incluindo os carbamatos) acíclicas e seus derivados; sais destes produtos: Fluoracetamida (ISO), fosfamidona (ISO) e monocrotofós (ISO)",tax_ipi_0,tax_ii_2,uom.product_uom_kgm
ncm_29241230,2924.12.30,,"Compostos de função carboxiamida; compostos de função amida do ácido carbônico. - Amidas (incluindo os carbamatos) acíclicas e seus derivados; sais destes produtos: Fluoracetamida (ISO), fosfamidona (ISO) e monocrotofós (ISO)",tax_ipi_0,tax_ii_14,uom.product_uom_kgm
ncm_29241911,2924.19.11,,Compostos de função carboxiamida; compostos de função amida do ácido carbônico. - Amidas (incluindo os carbamatos) acíclicas e seus derivados; sais destes produtos: Outros Acetoacetamida e seus derivados; sais destes produtos,tax_ipi_0,tax_ii_2,uom.product_uom_kgm
ncm_29241919,2924.19.19,,Compostos de função carboxiamida; compostos de função amida do ácido carbônico. - Amidas (incluindo os carbamatos) acíclicas e seus derivados; sais destes produtos: Outros Acetoacetamida e seus derivados; sais destes produtos,tax_ipi_0,tax_ii_2,uom.product_uom_kgm
ncm_29241921,2924.19.21,,Compostos de função carboxiamida; compostos de função amida do ácido carbônico. - Amidas (incluindo os carbamatos) acíclicas e seus derivados; sais destes produtos: Outros Formamidas; acetamidas,tax_ipi_0,tax_ii_2,uom.product_uom_kgm
ncm_29241922,2924.19.22,,Compostos de função carboxiamida; compostos de função amida do ácido carbônico. - Amidas (incluindo os carbamatos) acíclicas e seus derivados; sais destes produtos: Outros Formamidas; acetamidas,tax_ipi_0,tax_ii_14,uom.product_uom_kgm
ncm_29241929,2924.19.29,,Compostos de função carboxiamida; compostos de função amida do ácido carbônico. - Amidas (incluindo os carbamatos) acíclicas e seus derivados; sais destes produtos: Outros Formamidas; acetamidas,tax_ipi_0,tax_ii_2,uom.product_uom_kgm
ncm_29241931,2924.19.31,,Compostos de função carboxiamida; compostos de função amida do ácido carbônico. - Amidas (incluindo os carbamatos) acíclicas e seus derivados; sais destes produtos: Outros Acrilamidas e seus derivados,tax_ipi_0,tax_ii_2,uom.product_uom_kgm
ncm_29241932,2924.19.32,,Compostos de função carboxiamida; compostos de função amida do ácido carbônico. - Amidas (incluindo os carbamatos) acíclicas e seus derivados; sais destes produtos: Outros Acrilamidas e seus derivados,tax_ipi_0,tax_ii_2,uom.product_uom_kgm
ncm_29241939,2924.19.39,,Compostos de função carboxiamida; compostos de função amida do ácido carbônico. - Amidas (incluindo os carbamatos) acíclicas e seus derivados; sais destes produtos: Outros Acrilamidas e seus derivados,tax_ipi_0,tax_ii_2,uom.product_uom_kgm
ncm_29241942,2924.19.42,,Compostos de função carboxiamida; compostos de função amida do ácido carbônico. - Amidas (incluindo os carbamatos) acíclicas e seus derivados; sais destes produtos: Outros Crotonamidas e seus derivados,tax_ipi_0,tax_ii_14,uom.product_uom_kgm
ncm_29241949,2924.19.49,,Compostos de função carboxiamida; compostos de função amida do ácido carbônico. - Amidas (incluindo os carbamatos) acíclicas e seus derivados; sais destes produtos: Outros Crotonamidas e seus derivados,tax_ipi_0,tax_ii_2,uom.product_uom_kgm
ncm_29241991,2924.19.91,,Compostos de função carboxiamida; compostos de função amida do ácido carbônico. - Amidas (incluindo os carbamatos) acíclicas e seus derivados; sais destes produtos: Outros Outros,tax_ipi_0,tax_ii_2,uom.product_uom_kgm
ncm_29241992,2924.19.92,,Compostos de função carboxiamida; compostos de função amida do ácido carbônico. - Amidas (incluindo os carbamatos) acíclicas e seus derivados; sais destes produtos: Outros Outros,tax_ipi_0,tax_ii_2,uom.product_uom_kgm
ncm_29241993,2924.19.93,,Compostos de função carboxiamida; compostos de função amida do ácido carbônico. - Amidas (incluindo os carbamatos) acíclicas e seus derivados; sais destes produtos: Outros Outros,tax_ipi_0,tax_ii_14,uom.product_uom_kgm
ncm_29241994,2924.19.94,,Compostos de função carboxiamida; compostos de função amida do ácido carbônico. - Amidas (incluindo os carbamatos) acíclicas e seus derivados; sais destes produtos: Outros Outros,tax_ipi_0,tax_ii_14,uom.product_uom_kgm
ncm_29241999,2924.19.99,,Compostos de função carboxiamida; compostos de função amida do ácido carbônico. - Amidas (incluindo os carbamatos) acíclicas e seus derivados; sais destes produtos: Outros Outros,tax_ipi_0,tax_ii_2,uom.product_uom_kgm
ncm_29242111,2924.21.11,,Compostos de função carboxiamida; compostos de função amida do ácido carbônico. - Amidas (incluindo os carbamatos) cíclicas e seus derivados; sais destes produtos: Ureínas e seus derivados; sais destes produtos Carbanilida e seus derivados; sais destes produtos,tax_ipi_0,tax_ii_2,uom.product_uom_kgm
ncm_29242119,2924.21.19,,Compostos de função carboxiamida; compostos de função amida do ácido carbônico. - Amidas (incluindo os carbamatos) cíclicas e seus derivados; sais destes produtos: Ureínas e seus derivados; sais destes produtos Carbanilida e seus derivados; sais destes produtos,tax_ipi_0,tax_ii_2,uom.product_uom_kgm
ncm_29242120,2924.21.20,,Compostos de função carboxiamida; compostos de função amida do ácido carbônico. - Amidas (incluindo os carbamatos) cíclicas e seus derivados; sais destes produtos: Ureínas e seus derivados; sais destes produtos,tax_ipi_0,tax_ii_14,uom.product_uom_kgm
ncm_29242190,2924.21.90,,Compostos de função carboxiamida; compostos de função amida do ácido carbônico. - Amidas (incluindo os carbamatos) cíclicas e seus derivados; sais destes produtos: Ureínas e seus derivados; sais destes produtos,tax_ipi_0,tax_ii_2,uom.product_uom_kgm
ncm_29242300,2924.23.00,,Compostos de função carboxiamida; compostos de função amida do ácido carbônico. - Amidas (incluindo os carbamatos) cíclicas e seus derivados; sais destes produtos: Ácido 2-acetamidobenzóico (ácido N-acetilantranílico) e seus sais,tax_ipi_0,tax_ii_2,uom.product_uom_kgm
ncm_29242400,2924.24.00,,Compostos de função carboxiamida; compostos de função amida do ácido carbônico. - Amidas (incluindo os carbamatos) cíclicas e seus derivados; sais destes produtos: Etinamato (DCI),tax_ipi_0,tax_ii_2,uom.product_uom_kgm
ncm_29242500,2924.25.00,,Compostos de função carboxiamida; compostos de função amida do ácido carbônico. - Amidas (incluindo os carbamatos) cíclicas e seus derivados; sais destes produtos: Alaclor (ISO),tax_ipi_0,tax_ii_0,uom.product_uom_kgm
ncm_29242911,2924.29.11,,Compostos de função carboxiamida; compostos de função amida do ácido carbônico. - Amidas (incluindo os carbamatos) cíclicas e seus derivados; sais destes produtos: Outros Acetanilida e seus derivados; sais destes produtos,tax_ipi_0,tax_ii_12,uom.product_uom_kgm
ncm_29242912,2924.29.12,,Compostos de função carboxiamida; compostos de função amida do ácido carbônico. - Amidas (incluindo os carbamatos) cíclicas e seus derivados; sais destes produtos: Outros Acetanilida e seus derivados; sais destes produtos,tax_ipi_0,tax_ii_2,uom.product_uom_kgm
ncm_29242913,2924.29.13,,Compostos de função carboxiamida; compostos de função amida do ácido carbônico. - Amidas (incluindo os carbamatos) cíclicas e seus derivados; sais destes produtos: Outros Acetanilida e seus derivados; sais destes produtos,tax_ipi_0,tax_ii_14,uom.product_uom_kgm
ncm_29242914,2924.29.14,,Compostos de função carboxiamida; compostos de função amida do ácido carbônico. - Amidas (incluindo os carbamatos) cíclicas e seus derivados; sais destes produtos: Outros Acetanilida e seus derivados; sais destes produtos,tax_ipi_0,tax_ii_14,uom.product_uom_kgm
ncm_29242915,2924.29.15,,Compostos de função carboxiamida; compostos de função amida do ácido carbônico. - Amidas (incluindo os carbamatos) cíclicas e seus derivados; sais destes produtos: Outros Acetanilida e seus derivados; sais destes produtos,tax_ipi_0,tax_ii_14,uom.product_uom_kgm
ncm_29242919,2924.29.19,,Compostos de função carboxiamida; compostos de função amida do ácido carbônico. - Amidas (incluindo os carbamatos) cíclicas e seus derivados; sais destes produtos: Outros Acetanilida e seus derivados; sais destes produtos,tax_ipi_0,tax_ii_2,uom.product_uom_kgm
ncm_29242920,2924.29.20,,Compostos de função carboxiamida; compostos de função amida do ácido carbônico. - Amidas (incluindo os carbamatos) cíclicas e seus derivados; sais destes produtos: Outros,tax_ipi_0,tax_ii_2,uom.product_uom_kgm
ncm_29242931,2924.29.31,,Compostos de função carboxiamida; compostos de função amida do ácido carbônico. - Amidas (incluindo os carbamatos) cíclicas e seus derivados; sais destes produtos: Outros Carbamatos,tax_ipi_0,tax_ii_2,uom.product_uom_kgm
ncm_29242932,2924.29.32,,Compostos de função carboxiamida; compostos de função amida do ácido carbônico. - Amidas (incluindo os carbamatos) cíclicas e seus derivados; sais destes produtos: Outros Carbamatos,tax_ipi_0,tax_ii_2,uom.product_uom_kgm
ncm_29242939,2924.29.39,,Compostos de função carboxiamida; compostos de função amida do ácido carbônico. - Amidas (incluindo os carbamatos) cíclicas e seus derivados; sais destes produtos: Outros Carbamatos,tax_ipi_0,tax_ii_2,uom.product_uom_kgm
ncm_29242941,2924.29.41,,Compostos de função carboxiamida; compostos de função amida do ácido carbônico. - Amidas (incluindo os carbamatos) cíclicas e seus derivados; sais destes produtos: Outros Acetamidas e seus derivados,tax_ipi_0,tax_ii_2,uom.product_uom_kgm
ncm_29242943,2924.29.43,,Compostos de função carboxiamida; compostos de função amida do ácido carbônico. - Amidas (incluindo os carbamatos) cíclicas e seus derivados; sais destes produtos: Outros Acetamidas e seus derivados,tax_ipi_0,tax_ii_2,uom.product_uom_kgm
ncm_29242944,2924.29.44,,Compostos de função carboxiamida; compostos de função amida do ácido carbônico. - Amidas (incluindo os carbamatos) cíclicas e seus derivados; sais destes produtos: Outros Acetamidas e seus derivados,tax_ipi_0,tax_ii_2,uom.product_uom_kgm
ncm_29242945,2924.29.45,,Compostos de função carboxiamida; compostos de função amida do ácido carbônico. - Amidas (incluindo os carbamatos) cíclicas e seus derivados; sais destes produtos: Outros Acetamidas e seus derivados,tax_ipi_0,tax_ii_2,uom.product_uom_kgm
ncm_29242946,2924.29.46,,Compostos de função carboxiamida; compostos de função amida do ácido carbônico. - Amidas (incluindo os carbamatos) cíclicas e seus derivados; sais destes produtos: Outros Acetamidas e seus derivados,tax_ipi_0,tax_ii_14,uom.product_uom_kgm
ncm_29242947,2924.29.47,,Compostos de função carboxiamida; compostos de função amida do ácido carbônico. - Amidas (incluindo os carbamatos) cíclicas e seus derivados; sais destes produtos: Outros Acetamidas e seus derivados,tax_ipi_0,tax_ii_2,uom.product_uom_kgm
ncm_29242949,2924.29.49,,Compostos de função carboxiamida; compostos de função amida do ácido carbônico. - Amidas (incluindo os carbamatos) cíclicas e seus derivados; sais destes produtos: Outros Acetamidas e seus derivados,tax_ipi_0,tax_ii_2,uom.product_uom_kgm
ncm_29242951,2924.29.51,,Compostos de função carboxiamida; compostos de função amida do ácido carbônico. - Amidas (incluindo os carbamatos) cíclicas e seus derivados; sais destes produtos: Outros Metoxibenzamidas e seus derivados; sais destes produtos,tax_ipi_0,tax_ii_14,uom.product_uom_kgm
ncm_29242952,2924.29.52,,Compostos de função carboxiamida; compostos de função amida do ácido carbônico. - Amidas (incluindo os carbamatos) cíclicas e seus derivados; sais destes produtos: Outros Metoxibenzamidas e seus derivados; sais destes produtos,tax_ipi_0,tax_ii_14,uom.product_uom_kgm
ncm_29242959,2924.29.59,,Compostos de função carboxiamida; compostos de função amida do ácido carbônico. - Amidas (incluindo os carbamatos) cíclicas e seus derivados; sais destes produtos: Outros Metoxibenzamidas e seus derivados; sais destes produtos,tax_ipi_0,tax_ii_2,uom.product_uom_kgm
ncm_29242961,2924.29.61,,Compostos de função carboxiamida; compostos de função amida do ácido carbônico. - Amidas (incluindo os carbamatos) cíclicas e seus derivados; sais destes produtos: Outros Propanamidas e seus derivados; sais destes produtos,tax_ipi_0,tax_ii_14,uom.product_uom_kgm
ncm_29242962,2924.29.62,,Compostos de função carboxiamida; compostos de função amida do ácido carbônico. - Amidas (incluindo os carbamatos) cíclicas e seus derivados; sais destes produtos: Outros Propanamidas e seus derivados; sais destes produtos,tax_ipi_0,tax_ii_14,uom.product_uom_kgm
ncm_29242963,2924.29.63,,Compostos de função carboxiamida; compostos de função amida do ácido carbônico. - Amidas (incluindo os carbamatos) cíclicas e seus derivados; sais destes produtos: Outros Propanamidas e seus derivados; sais destes produtos,tax_ipi_0,tax_ii_14,uom.product_uom_kgm
ncm_29242964,2924.29.64,,Compostos de função carboxiamida; compostos de função amida do ácido carbônico. - Amidas (incluindo os carbamatos) cíclicas e seus derivados; sais destes produtos: Outros Propanamidas e seus derivados; sais destes produtos,tax_ipi_0,tax_ii_2,uom.product_uom_kgm
ncm_29242969,2924.29.69,,Compostos de função carboxiamida; compostos de função amida do ácido carbônico. - Amidas (incluindo os carbamatos) cíclicas e seus derivados; sais destes produtos: Outros Propanamidas e seus derivados; sais destes produtos,tax_ipi_0,tax_ii_2,uom.product_uom_kgm
ncm_29242991,2924.29.91,,Compostos de função carboxiamida; compostos de função amida do ácido carbônico. - Amidas (incluindo os carbamatos) cíclicas e seus derivados; sais destes produtos: Outros Outros,tax_ipi_0,tax_ii_2,uom.product_uom_kgm
ncm_29242992,2924.29.92,,Compostos de função carboxiamida; compostos de função amida do ácido carbônico. - Amidas (incluindo os carbamatos) cíclicas e seus derivados; sais destes produtos: Outros Outros,tax_ipi_0,tax_ii_2,uom.product_uom_kgm
ncm_29242993,2924.29.93,,Compostos de função carboxiamida; compostos de função amida do ácido carbônico. - Amidas (incluindo os carbamatos) cíclicas e seus derivados; sais destes produtos: Outros Outros,tax_ipi_0,tax_ii_2,uom.product_uom_kgm
ncm_29242994,2924.29.94,,Compostos de função carboxiamida; compostos de função amida do ácido carbônico. - Amidas (incluindo os carbamatos) cíclicas e seus derivados; sais destes produtos: Outros Outros,tax_ipi_0,tax_ii_2,uom.product_uom_kgm
ncm_29242995,2924.29.95,,Compostos de função carboxiamida; compostos de função amida do ácido carbônico. - Amidas (incluindo os carbamatos) cíclicas e seus derivados; sais destes produtos: Outros Outros,tax_ipi_0,tax_ii_2,uom.product_uom_kgm
ncm_29242996,2924.29.96,,Compostos de função carboxiamida; compostos de função amida do ácido carbônico. - Amidas (incluindo os carbamatos) cíclicas e seus derivados; sais destes produtos: Outros Outros,tax_ipi_0,tax_ii_14,uom.product_uom_kgm
ncm_29242999,2924.29.99,,Compostos de função carboxiamida; compostos de função amida do ácido carbônico. - Amidas (incluindo os carbamatos) cíclicas e seus derivados; sais destes produtos: Outros Outros,tax_ipi_0,tax_ii_2,uom.product_uom_kgm
ncm_29269024,2926.90.24,,Compostos de função nitrila. - Outros Álcool alfa-ciano-3-fenoxibenzílico e seus derivados; ésteres destes produtos,tax_ipi_0,tax_ii_2,uom.product_uom_kgm
ncm_29302024,2930.20.24,,Tiocompostos orgânicos. - Tiocarbamatos e ditiocarbamatos Ditiocarbamatos,tax_ipi_0,tax_ii_14,uom.product_uom_kgm
ncm_29332924,2933.29.24,,"Compostos heterocíclicos exclusivamente de heteroátomo(s) de nitrogênio (azoto). - Compostos cuja estrutura contém um ciclo imidazol (hidrogenado ou não) não condensado: Outros Cuja estrutura contém um ciclo benzeno clorado, exceto os que contenham um ciclo nitroimidazol",tax_ipi_0,tax_ii_2,uom.product_uom_kgm
ncm_29333924,2933.39.24,,"Compostos heterocíclicos exclusivamente de heteroátomo(s) de nitrogênio (azoto). - Compostos cuja estrutura contém um ciclo piridina (hidrogenado ou não) não condensado: Outros Cuja estrutura contém cloro, mas não contém flúor nem bromo, em ligação covalente",tax_ipi_0,tax_ii_14,uom.product_uom_kgm
ncm_29349924,2934.99.24,,"Ácidos nucleicos e seus sais, de constituição química definida ou não; outros compostos heterocíclicos. - Outros: Outros Cuja estrutura contém exclusivamente 3 heteroátomos de nitrogênio (azoto) e oxigênio em conjunto, exceto os ácidos nucleicos e seus sais e os produtos compreendidos no item 2934.99.1",tax_ipi_0,tax_ii_12,uom.product_uom_kgm
ncm_29359024,2935.90.24,,Sulfonamidas. - Outras Cuja estrutura contém outro(s) heterociclo(s),tax_ipi_0,tax_ii_0,uom.product_uom_kgm
ncm_29362410,2936.24.10,,"Provitaminas e vitaminas, naturais ou reproduzidas por síntese (incluindo os concentrados naturais), bem como os seus derivados utilizados principalmente como vitaminas, misturados ou não entre si, mesmo em quaisquer soluções. - Vitaminas e seus derivados, não misturados: Ácido D- ou DL-pantotênico (vitamina B3 ou vitamina B5) e seus derivados",tax_ipi_0,tax_ii_2,uom.product_uom_kgm
ncm_29362490,2936.24.90,,"Provitaminas e vitaminas, naturais ou reproduzidas por síntese (incluindo os concentrados naturais), bem como os seus derivados utilizados principalmente como vitaminas, misturados ou não entre si, mesmo em quaisquer soluções. - Vitaminas e seus derivados, não misturados: Ácido D- ou DL-pantotênico (vitamina B3 ou vitamina B5) e seus derivados",tax_ipi_0,tax_ii_2,uom.product_uom_kgm
ncm_30049099,3004.90.99,,"Medicamentos (exceto os produtos das posições 30.02, 30.05 ou 30.06) constituídos por produtos misturados ou não misturados, preparados para fins terapêuticos ou profiláticos, apresentados em doses (incluindo os destinados a serem administrados por via percutânea) ou acondicionados para venda a retalho. - Outros Outros",tax_ipi_0,tax_ii_8,uom.product_uom_kgm
ncm_32149000,3214.90.00,,"Mástique de vidraceiro, cimentos de resina e outras mástiques; indutos utilizados em pintura; indutos não refratários do tipo utilizado em alvenaria. - Outros",tax_ipi_0,tax_ii_14,uom.product_uom_kgm
ncm_33030010,3303.00.10,,Perfumes e águas-de-colônia. Perfumes (extratos),tax_ipi_42,tax_ii_18,uom.product_uom_kgm
ncm_33030020,3303.00.20,,Perfumes e águas-de-colônia. Águas-de-colônia,tax_ipi_12,tax_ii_18,uom.product_uom_kgm
ncm_33041000,3304.10.00,,"Produtos de beleza ou de maquiagem preparados e preparações para conservação ou cuidados da pele (exceto medicamentos), incluindo as preparações antissolares e os bronzeadores; preparações para manicuros e pedicuros. - Produtos de maquiagem para os lábios",tax_ipi_22,tax_ii_18,uom.product_uom_kgm
ncm_33042010,3304.20.10,,"Produtos de beleza ou de maquiagem preparados e preparações para conservação ou cuidados da pele (exceto medicamentos), incluindo as preparações antissolares e os bronzeadores; preparações para manicuros e pedicuros. - Produtos de maquiagem para os olhos",tax_ipi_22,tax_ii_18,uom.product_uom_kgm
ncm_33042090,3304.20.90,,"Produtos de beleza ou de maquiagem preparados e preparações para conservação ou cuidados da pele (exceto medicamentos), incluindo as preparações antissolares e os bronzeadores; preparações para manicuros e pedicuros. - Produtos de maquiagem para os olhos",tax_ipi_22,tax_ii_18,uom.product_uom_kgm
ncm_33043000,3304.30.00,,"Produtos de beleza ou de maquiagem preparados e preparações para conservação ou cuidados da pele (exceto medicamentos), incluindo as preparações antissolares e os bronzeadores; preparações para manicuros e pedicuros. - Preparações para manicuros e pedicuros",tax_ipi_22,tax_ii_18,uom.product_uom_kgm
ncm_33049100,3304.91.00,,"Produtos de beleza ou de maquiagem preparados e preparações para conservação ou cuidados da pele (exceto medicamentos), incluindo as preparações antissolares e os bronzeadores; preparações para manicuros e pedicuros. - Outros: Pós, incluindo os compactos",tax_ipi_22,tax_ii_18,uom.product_uom_kgm
ncm_33049100_01,3304.91.00,01,Ex 01 - Talco e polvilho com ou sem perfume,tax_ipi_12,tax_ii_18,uom.product_uom_kgm
ncm_33049910,3304.99.10,,"Produtos de beleza ou de maquiagem preparados e preparações para conservação ou cuidados da pele (exceto medicamentos), incluindo as preparações antissolares e os bronzeadores; preparações para manicuros e pedicuros. - Outros: Outros",tax_ipi_22,tax_ii_18,uom.product_uom_kgm
ncm_33049990,3304.99.90,,"Produtos de beleza ou de maquiagem preparados e preparações para conservação ou cuidados da pele (exceto medicamentos), incluindo as preparações antissolares e os bronzeadores; preparações para manicuros e pedicuros. - Outros: Outros",tax_ipi_22,tax_ii_18,uom.product_uom_kgm
ncm_33049990_01,3304.99.90,01,Ex 01 - Preparados bronzeadores,tax_ipi_12,tax_ii_18,uom.product_uom_kgm
ncm_33049990_02,3304.99.90,02,"Ex 02 - Preparados anti-solares, exceto os que possuam propriedades de bronzeadores",tax_ipi_0,tax_ii_18,uom.product_uom_kgm
ncm_33051000,3305.10.00,,Preparações capilares. - Xampus,tax_ipi_7,tax_ii_18,uom.product_uom_kgm
ncm_33052000,3305.20.00,,"Preparações capilares. - Preparações para ondulação ou alisamento, permanentes",tax_ipi_22,tax_ii_18,uom.product_uom_kgm
ncm_33053000,3305.30.00,,Preparações capilares. - Laquês (Lacas*) para o cabelo,tax_ipi_22,tax_ii_18,uom.product_uom_kgm
ncm_33059000,3305.90.00,,Preparações capilares. - Outras,tax_ipi_22,tax_ii_18,uom.product_uom_kgm
ncm_33059000_01,3305.90.00,01,Ex 01 - Condicionadores,tax_ipi_7,tax_ii_18,uom.product_uom_kgm
ncm_33071000,3307.10.00,,"Preparações para barbear (antes, durante ou após), desodorantes (desodorizantes) corporais, preparações para banhos, depilatórios, outros produtos de perfumaria ou de toucador preparados e outras preparações cosméticas, não especificados nem compreendidos noutras posições; desodorantes (desodorizantes) de ambiente, preparados, mesmo não perfumados, mesmo com propriedades desinfetantes. - Preparações para barbear (antes, durante ou após)",tax_ipi_22,tax_ii_18,uom.product_uom_kgm
ncm_33072010,3307.20.10,,"Preparações para barbear (antes, durante ou após), desodorantes (desodorizantes) corporais, preparações para banhos, depilatórios, outros produtos de perfumaria ou de toucador preparados e outras preparações cosméticas, não especificados nem compreendidos noutras posições; desodorantes (desodorizantes) de ambiente, preparados, mesmo não perfumados, mesmo com propriedades desinfetantes. - Desodorantes (desodorizantes) corporais e antiperspirantes",tax_ipi_7,tax_ii_18,uom.product_uom_kgm
ncm_33072090,3307.20.90,,"Preparações para barbear (antes, durante ou após), desodorantes (desodorizantes) corporais, preparações para banhos, depilatórios, outros produtos de perfumaria ou de toucador preparados e outras preparações cosméticas, não especificados nem compreendidos noutras posições; desodorantes (desodorizantes) de ambiente, preparados, mesmo não perfumados, mesmo com propriedades desinfetantes. - Desodorantes (desodorizantes) corporais e antiperspirantes",tax_ipi_7,tax_ii_18,uom.product_uom_kgm
ncm_33073000,3307.30.00,,"Preparações para barbear (antes, durante ou após), desodorantes (desodorizantes) corporais, preparações para banhos, depilatórios, outros produtos de perfumaria ou de toucador preparados e outras preparações cosméticas, não especificados nem compreendidos noutras posições; desodorantes (desodorizantes) de ambiente, preparados, mesmo não perfumados, mesmo com propriedades desinfetantes. - Sais perfumados e outras preparações para banhos",tax_ipi_22,tax_ii_18,uom.product_uom_kgm
ncm_33074100,3307.41.00,,"Preparações para barbear (antes, durante ou após), desodorantes (desodorizantes) corporais, preparações para banhos, depilatórios, outros produtos de perfumaria ou de toucador preparados e outras preparações cosméticas, não especificados nem compreendidos noutras posições; desodorantes (desodorizantes) de ambiente, preparados, mesmo não perfumados, mesmo com propriedades desinfetantes. - Preparações para perfumar ou para desodorizar ambientes, incluindo as preparações odoríferas para cerimônias religiosas: Agarbate e outras preparações odoríferas que atuem por combustão",tax_ipi_22,tax_ii_18,uom.product_uom_kgm
ncm_33074900,3307.49.00,,"Preparações para barbear (antes, durante ou após), desodorantes (desodorizantes) corporais, preparações para banhos, depilatórios, outros produtos de perfumaria ou de toucador preparados e outras preparações cosméticas, não especificados nem compreendidos noutras posições; desodorantes (desodorizantes) de ambiente, preparados, mesmo não perfumados, mesmo com propriedades desinfetantes. - Preparações para perfumar ou para desodorizar ambientes, incluindo as preparações odoríferas para cerimônias religiosas: Outras",tax_ipi_22,tax_ii_18,uom.product_uom_kgm
ncm_33079000,3307.90.00,,"Preparações para barbear (antes, durante ou após), desodorantes (desodorizantes) corporais, preparações para banhos, depilatórios, outros produtos de perfumaria ou de toucador preparados e outras preparações cosméticas, não especificados nem compreendidos noutras posições; desodorantes (desodorizantes) de ambiente, preparados, mesmo não perfumados, mesmo com propriedades desinfetantes. - Outros",tax_ipi_22,tax_ii_18,uom.product_uom_kgm
ncm_33079000_01,3307.90.00,01,Ex 01 - Soluções para lentes de contato ou para olhos artificiais,tax_ipi_12,tax_ii_18,uom.product_uom_kgm
ncm_36041000,3604.10.00,,"Fogos de artifício, foguetes de sinalização ou contra o granizo e semelhantes, bombas, petardos e outros artigos de pirotecnia. - Fogos de artifício",tax_ipi_30,tax_ii_14,uom.product_uom_kgm
ncm_39181000,3918.10.00,,"Revestimentos de pisos (pavimentos), de plástico, mesmo auto-adesivos, em rolos ou em forma de ladrilhos ou de mosaicos; revestimentos de paredes ou de tetos, de plástico, definidos na Nota 9 do presente Capítulo. - De polímeros de cloreto de vinila",tax_ipi_0,tax_ii_16,uom.product_uom_kgm
ncm_39219011,3921.90.11,,"Outras chapas, folhas, películas, tiras e lâminas, de plástico. - Outras Estratificadas, reforçadas ou com suporte",tax_ipi_5,tax_ii_16,uom.product_uom_kgm
ncm_39219012,3921.90.12,,"Outras chapas, folhas, películas, tiras e lâminas, de plástico. - Outras Estratificadas, reforçadas ou com suporte",tax_ipi_15,tax_ii_2,uom.product_uom_kgm
ncm_39219013,3921.90.13,,"Outras chapas, folhas, películas, tiras e lâminas, de plástico. - Outras Estratificadas, reforçadas ou com suporte",tax_ipi_15,tax_ii_0,uom.product_uom_kgm
ncm_39219019,3921.90.19,,"Outras chapas, folhas, películas, tiras e lâminas, de plástico. - Outras Estratificadas, reforçadas ou com suporte",tax_ipi_15,tax_ii_16,uom.product_uom_kgm
ncm_39219090,3921.90.90,,"Outras chapas, folhas, películas, tiras e lâminas, de plástico. - Outras",tax_ipi_15,tax_ii_16,uom.product_uom_kgm
ncm_43011000,4301.10.00,,"Peles com pelo em bruto (incluindo as cabeças, caudas, patas e outras partes utilizáveis na indústria de peles), exceto as peles em bruto das posições 41.01, 41.02 ou 41.03. - De visons, inteiras, mesmo com cabeça, cauda ou patas",tax_ipi_nt,tax_ii_10,uom.product_uom_unit
ncm_43013000,4301.30.00,,"Peles com pelo em bruto (incluindo as cabeças, caudas, patas e outras partes utilizáveis na indústria de peles), exceto as peles em bruto das posições 41.01, 41.02 ou 41.03. - De cordeiros denominados astracã, breitschwanz, caracul, persianer ou semelhantes, de cordeiros da Índia, da China, da Mongólia ou do Tibete, inteiras, mesmo com cabeça, cauda ou patas",tax_ipi_nt,tax_ii_10,uom.product_uom_unit
ncm_43016000,4301.60.00,,"Peles com pelo em bruto (incluindo as cabeças, caudas, patas e outras partes utilizáveis na indústria de peles), exceto as peles em bruto das posições 41.01, 41.02 ou 41.03. - De raposas, inteiras, mesmo com cabeça, cauda ou patas",tax_ipi_nt,tax_ii_10,uom.product_uom_unit
ncm_43018000,4301.80.00,,"Peles com pelo em bruto (incluindo as cabeças, caudas, patas e outras partes utilizáveis na indústria de peles), exceto as peles em bruto das posições 41.01, 41.02 ou 41.03. - De outros animais, inteiras, mesmo com cabeça, cauda ou patas",tax_ipi_nt,tax_ii_10,uom.product_uom_unit
ncm_43019000,4301.90.00,,"Peles com pelo em bruto (incluindo as cabeças, caudas, patas e outras partes utilizáveis na indústria de peles), exceto as peles em bruto das posições 41.01, 41.02 ou 41.03. - Cabeças, caudas, patas e outras partes utilizáveis na indústria de peles",tax_ipi_nt,tax_ii_10,uom.product_uom_unit
ncm_43021100,4302.11.00,,"Peles com pelo curtidas ou acabadas (incluindo as cabeças, caudas, patas e outras partes, desperdícios e aparas), não reunidas (não montadas) ou reunidas (montadas) sem adição de outras matérias, com exceção das da posição 43.03. - Peles com pelo inteiras, mesmo com cabeça, cauda ou patas, não reunidas (não montadas): De visons",tax_ipi_60,tax_ii_14,uom.product_uom_unit
ncm_43021910,4302.19.10,,"Peles com pelo curtidas ou acabadas (incluindo as cabeças, caudas, patas e outras partes, desperdícios e aparas), não reunidas (não montadas) ou reunidas (montadas) sem adição de outras matérias, com exceção das da posição 43.03. - Peles com pelo inteiras, mesmo com cabeça, cauda ou patas, não reunidas (não montadas): Outras",tax_ipi_10,tax_ii_14,uom.product_uom_unit
ncm_43021990,4302.19.90,,"Peles com pelo curtidas ou acabadas (incluindo as cabeças, caudas, patas e outras partes, desperdícios e aparas), não reunidas (não montadas) ou reunidas (montadas) sem adição de outras matérias, com exceção das da posição 43.03. - Peles com pelo inteiras, mesmo com cabeça, cauda ou patas, não reunidas (não montadas): Outras",tax_ipi_10,tax_ii_14,uom.product_uom_unit
ncm_43022000,4302.20.00,,"Peles com pelo curtidas ou acabadas (incluindo as cabeças, caudas, patas e outras partes, desperdícios e aparas), não reunidas (não montadas) ou reunidas (montadas) sem adição de outras matérias, com exceção das da posição 43.03. - Cabeças, caudas, patas e outras partes, desperdícios e aparas, não reunidos (não montados)",tax_ipi_60,tax_ii_14,uom.product_uom_unit
ncm_43022000_01,4302.20.00,01,"Ex 01 - Cabeças, caudas, patas e outras partes, desperdícios e aparas, de coelho ou de lebre",tax_ipi_10,tax_ii_14,uom.product_uom_unit
ncm_43022000_02,4302.20.00,02,"Ex 02 - Cabeças, caudas, patas e outras partes, desperdícios e aparas, de bovino, de ovino ou de caprino",tax_ipi_10,tax_ii_14,uom.product_uom_unit
ncm_43023000,4302.30.00,,"Peles com pelo curtidas ou acabadas (incluindo as cabeças, caudas, patas e outras partes, desperdícios e aparas), não reunidas (não montadas) ou reunidas (montadas) sem adição de outras matérias, com exceção das da posição 43.03. - Peles com pelo inteiras e respectivos pedaços e aparas, reunidos (montados)",tax_ipi_60,tax_ii_14,uom.product_uom_unit
ncm_43023000_01,4302.30.00,01,"Ex 01 - De bovino, ovino, caprino, coelho ou de lebre",tax_ipi_10,tax_ii_14,uom.product_uom_unit
ncm_43023000_02,4302.30.00,02,"Ex 02 - Peles ""alongadas"", exceto de bovino, ovino, caprino, coelho ou de lebre",tax_ipi_40,tax_ii_14,uom.product_uom_unit
ncm_43031000,4303.10.00,,"Vestuário, seus acessórios e outros artigos de peles com pelo. - Vestuário e seus acessórios",tax_ipi_40,tax_ii_20,uom.product_uom_unit
ncm_43031000_01,4303.10.00,01,"Ex 01 - De bovino, ovino, caprino, coelho ou de lebre",tax_ipi_10,tax_ii_20,uom.product_uom_unit
ncm_43039000,4303.90.00,,"Vestuário, seus acessórios e outros artigos de peles com pelo. - Outros",tax_ipi_40,tax_ii_20,uom.product_uom_unit
ncm_43039000_01,4303.90.00,01,"Ex 01 - De bovino, ovino, caprino, coelho ou de lebre",tax_ipi_10,tax_ii_20,uom.product_uom_unit
ncm_43040000,4304.00.00,,"Peles com pelo artificiais, e suas obras.",tax_ipi_10,tax_ii_20,UOM_M2
ncm_48043110,4804.31.10,,"Papel e cartão, Kraft, não revestidos, em rolos ou em folhas, exceto os das posições 48.02 e 48.03. - Outros papéis e cartões, Kraft, de peso não superior a 150 g/m2: Crus",tax_ipi_5,tax_ii_2,uom.product_uom_kgm
ncm_48043190,4804.31.90,,"Papel e cartão, Kraft, não revestidos, em rolos ou em folhas, exceto os das posições 48.02 e 48.03. - Outros papéis e cartões, Kraft, de peso não superior a 150 g/m2: Crus",tax_ipi_5,tax_ii_12,uom.product_uom_kgm
ncm_48043910,4804.39.10,,"Papel e cartão, Kraft, não revestidos, em rolos ou em folhas, exceto os das posições 48.02 e 48.03. - Outros papéis e cartões, Kraft, de peso não superior a 150 g/m2: Outros",tax_ipi_5,tax_ii_2,uom.product_uom_kgm
ncm_48043990,4804.39.90,,"Papel e cartão, Kraft, não revestidos, em rolos ou em folhas, exceto os das posições 48.02 e 48.03. - Outros papéis e cartões, Kraft, de peso não superior a 150 g/m2: Outros",tax_ipi_5,tax_ii_12,uom.product_uom_kgm
ncm_68101100,6810.11.00,,"Obras de cimento, de concreto (betão*) ou de pedra artificial, mesmo armadas. - Telhas, ladrilhos, placas (lajes), tijolos e artigos semelhantes: Blocos e tijolos para a construção",tax_ipi_0,tax_ii_8,uom.product_uom_kgm
ncm_68101900,6810.19.00,,"Obras de cimento, de concreto (betão*) ou de pedra artificial, mesmo armadas. - Telhas, ladrilhos, placas (lajes), tijolos e artigos semelhantes: Outros",tax_ipi_0,tax_ii_8,uom.product_uom_kgm
ncm_68109100,6810.91.00,,"Obras de cimento, de concreto (betão*) ou de pedra artificial, mesmo armadas. - Outras obras: Elementos pré-fabricados para a construção ou engenharia civil",tax_ipi_0,tax_ii_8,uom.product_uom_kgm
ncm_68109900,6810.99.00,,"Obras de cimento, de concreto (betão*) ou de pedra artificial, mesmo armadas. - Outras obras: Outras",tax_ipi_0,tax_ii_8,uom.product_uom_kgm
ncm_69049000,6904.90.00,,"Tijolos para construção, tijoleiras, tapa-vigas e produtos semelhantes, de cerâmica. - Outros",tax_ipi_0,tax_ii_12,uom.product_uom_kgm
ncm_69051000,6905.10.00,,"Telhas, elementos de chaminés, condutores de fumaça (fumo*), ornamentos arquitetônicos, de cerâmica, e outros produtos cerâmicos para construção. - Telhas",tax_ipi_0,tax_ii_12,uom.product_uom_kgm
ncm_69060000,6906.00.00,,"Tubos, calhas ou algerozes e acessórios para canalizações, de cerâmica.",tax_ipi_0,tax_ii_12,uom.product_uom_kgm
ncm_69072100,6907.21.00,,"Ladrilhos e placas (lajes), para pavimentação ou revestimento, de cerâmica; cubos, pastilhas e artigos semelhantes, para mosaicos, de cerâmica, mesmo com suporte; peças de acabamento, de cerâmica. - Ladrilhos e placas (lajes), para pavimentação ou revestimento, exceto os das subposições 6907.30 e 6907.40: Com um coeficiente de absorção de água, em peso, não superior a 0,5 %",tax_ipi_0,tax_ii_0,UOM_M2
ncm_69072200,6907.22.00,,"Ladrilhos e placas (lajes), para pavimentação ou revestimento, de cerâmica; cubos, pastilhas e artigos semelhantes, para mosaicos, de cerâmica, mesmo com suporte; peças de acabamento, de cerâmica. - Ladrilhos e placas (lajes), para pavimentação ou revestimento, exceto os das subposições 6907.30 e 6907.40: Com um coeficiente de absorção de água, em peso, superior a 0,5 %, mas não superior a 10 %",tax_ipi_0,tax_ii_0,UOM_M2
ncm_69072300,6907.23.00,,"Ladrilhos e placas (lajes), para pavimentação ou revestimento, de cerâmica; cubos, pastilhas e artigos semelhantes, para mosaicos, de cerâmica, mesmo com suporte; peças de acabamento, de cerâmica. - Ladrilhos e placas (lajes), para pavimentação ou revestimento, exceto os das subposições 6907.30 e 6907.40: Com um coeficiente de absorção de água, em peso, superior a 10 %",tax_ipi_0,tax_ii_0,UOM_M2
ncm_69073000,6907.30.00,,"Ladrilhos e placas (lajes), para pavimentação ou revestimento, de cerâmica; cubos, pastilhas e artigos semelhantes, para mosaicos, de cerâmica, mesmo com suporte; peças de acabamento, de cerâmica. - Cubos, pastilhas e artigos semelhantes, para mosaicos, exceto os da subposição 6907.40",tax_ipi_0,tax_ii_0,UOM_M2
ncm_69074000,6907.40.00,,"Ladrilhos e placas (lajes), para pavimentação ou revestimento, de cerâmica; cubos, pastilhas e artigos semelhantes, para mosaicos, de cerâmica, mesmo com suporte; peças de acabamento, de cerâmica. - Peças de acabamento",tax_ipi_0,tax_ii_0,UOM_M2
ncm_69101000,6910.10.00,,"Pias, lavatórios, colunas para lavatórios, banheiras, bidés, sanitários, caixas de descarga (autoclismos*), mictórios e aparelhos fixos semelhantes para usos sanitários, de cerâmica. - De porcelana",tax_ipi_0,tax_ii_18,uom.product_uom_unit
ncm_69109000,6910.90.00,,"Pias, lavatórios, colunas para lavatórios, banheiras, bidés, sanitários, caixas de descarga (autoclismos*), mictórios e aparelhos fixos semelhantes para usos sanitários, de cerâmica. - Outros",tax_ipi_0,tax_ii_18,uom.product_uom_unit
ncm_72131000,7213.10.00,,"Fio-máquina de ferro ou aço não ligado. - Dentados, com nervuras, sulcos ou relevos, obtidos durante a laminagem",tax_ipi_0,tax_ii_12,uom.product_uom_kgm
ncm_72132000,7213.20.00,,"Fio-máquina de ferro ou aço não ligado. - Outros, de aços para tornear",tax_ipi_0,tax_ii_12,uom.product_uom_kgm
ncm_72142000,7214.20.00,,"Barras de ferro ou aço não ligado, simplesmente forjadas, laminadas, estiradas ou extrudadas, a quente, incluindo as que tenham sido submetidas a torção após laminagem. - Dentadas, com nervuras, sulcos ou relevos, obtidos durante a laminagem, ou torcidas após laminagem",tax_ipi_0,tax_ii_12,uom.product_uom_kgm
ncm_72149100,7214.91.00,,"Barras de ferro ou aço não ligado, simplesmente forjadas, laminadas, estiradas ou extrudadas, a quente, incluindo as que tenham sido submetidas a torção após laminagem. - Outras: De seção transversal retangular",tax_ipi_0,tax_ii_12,uom.product_uom_kgm
"ncm_85014029","8501.40.29",,"Motores e geradores, elétricos, exceto os grupos eletrogêneos. - Outros motores de corrente alternada, monofásicos De potência superior a 15 kW","tax_ipi_10","tax_ii_0","uom.product_uom_unit"
"ncm_85030010","8503.00.10",,"Partes reconhecíveis como exclusiva ou principalmente destinadas às máquinas das posições 85.01 ou 85.02. De motores ou geradores das subposições 8501.10, 8501.20, 8501.31, 8501.32 ou do item 8501.40.1","tax_ipi_10","tax_ii_0","uom.product_uom_kgm"
"ncm_40141000","4014.10.00",,"Artigos de higiene ou de farmácia (incluindo as chupetas), de borracha vulcanizada não endurecida, mesmo com partes de borracha endurecida. - Preservativos","tax_ipi_0","tax_ii_10","uom.product_uom_kgm"
"ncm_48191000","4819.10.00",,"Caixas, sacos, bolsas, cartuchos e outras embalagens, de papel, cartão, pasta (ouate) de celulose ou de mantas de fibras de celulose; cartonagens para escritórios, lojas e estabelecimentos semelhantes. - Caixas de papel ou cartão, ondulados (canelados*)","tax_ipi_15","tax_ii_16","uom.product_uom_kgm"
"ncm_27160000","2716.00.00",,"Energia elétrica.","tax_ipi_nt","tax_ii_0","UOM_MWH"
