<?xml version="1.0" encoding="utf-8" ?>
<odoo noupdate="1">

    <record forcecreate="True" id="fiscal_documents_decimal" model="decimal.precision">
          <field name="name">Fiscal Documents</field>
          <field name="digits">2</field>
    </record>

    <record forcecreate="True" id="fiscal_tax_percent" model="decimal.precision">
          <field name="name">Fiscal Tax Percent</field>
          <field name="digits">6</field>
    </record>

    <record forcecreate="True" id="fiscal_tax_value" model="decimal.precision">
          <field name="name">Fiscal Tax Value</field>
          <field name="digits">4</field>
    </record>

</odoo>
