"id","code","name"
"nbs_101011000","1.0101.10.00","Serviços de construção de edificações residenciais de um e dois pavimentos"
"nbs_101012000","1.0101.20.00","Serviços de construção de edificações residenciais com mais de dois pavimentos"
"nbs_101021000","1.0102.10.00","Serviços de construção de edificações industriais"
"nbs_101022000","1.0102.20.00","Serviços de construção de edificações comerciais"
"nbs_101029000","1.0102.90.00","Outros serviços de construção de edificações não residenciais"
"nbs_101031000","1.0103.10.00","Serviços de construção de autoestradas (exceto autoestradas elevadas), ruas e estradas."
"nbs_101032000","1.0103.20.00","Serviços de construção de estradas férreas"
"nbs_101033000","1.0103.30.00","Serviços de construção de pistas de pouso e decolagem em aeroportos"
"nbs_101034000","1.0103.40.00","Serviços de construção de infraestrutura aeroportuária"
"nbs_101040000","1.0104.00.00","Serviços de construção de pontes, autoestradas elevadas e túneis"
"nbs_101051100","1.0105.11.00","Serviços de construção de guias-corrente, espigões, quebra-mares, canais de acesso, bacias de evolução, balizamento e sinalização, derrocagens e dragagens."
"nbs_101051900","1.0105.19.00","Outros serviços de construção de infraestrutura de proteção e acesso aquaviário"
"nbs_101052100","1.0105.21.00","Serviços de construção de ancoradouros, docas, cais, pontes, dolfins e píeres"
"nbs_101052900","1.0105.29.00","Outros serviços de construção de infraestrutura de acostagem aquaviária"
"nbs_101053100","1.0105.31.00","Serviços de construção de armazéns, inclusive os especiais, silos, pátios e vias de circulação"
"nbs_101053900","1.0105.39.00","Outros serviços de construção de infraestrutura terrestre nos portos"
"nbs_101061000","1.0106.10.00","Serviços de construção de barragens e adutoras"
"nbs_101062100","1.0106.21.00","Serviços de construção de sistemas de irrigação"
"nbs_101062200","1.0106.22.00","Serviços de construção de sistemas de esgotos"
"nbs_101062300","1.0106.23.00","Serviços de construção de sistemas de unidades para tratamento e purificação de água"
"nbs_101069000","1.0106.90.00","Outros serviços de construção de sistemas hídricos"
"nbs_101071100","1.0107.11.00","Serviços de construção de dutos de longo curso para o transporte de petróleo, seus derivados, e gás"
"nbs_101071200","1.0107.12.00","Serviços de construção de dutos de longo curso para o transporte e escoamento de águas e esgotos"
"nbs_101071900","1.0107.19.00","Serviços de construção de outros dutos de longo curso"
"nbs_101072100","1.0107.21.00","Serviços de construção de linhas de comunicação de longo curso"
"nbs_101072210","1.0107.22.10","Serviços de construção de linhas de transmissão de alta tensão em corrente contínua"
"nbs_101072220","1.0107.22.20","Serviços de construção de linhas de transmissão de alta tensão em corrente"
"nbs_101081000","1.0108.10.00","Serviços de construção de dutos locais"
"nbs_101082110","1.0108.21.10","Serviços de construção de linhas locais de transmissão de baixa e média tensão"
"nbs_101082120","1.0108.21.20","Serviços de construção de linhas locais de comunicação"
"nbs_101082900","1.0108.29.00","Outros serviços de construção relacionados"
"nbs_101091000","1.0109.10.00","Serviços de construção de usinas de geração de energia"
"nbs_101092000","1.0109.20.00","Serviços de construção de subestações de força"
"nbs_101101000","1.0110.10.00","Serviços de construção de minas"
"nbs_101102000","1.0110.20.00","Serviços de construção de unidades industriais relacionadas à mineração"
"nbs_101110000","1.0111.00.00","Serviços de construção de instalações para recreação e atividades desportivas ao ar livre"
"nbs_101120000","1.0112.00.00","Outros serviços de construção civil não classificados nas posições anteriores"
"nbs_101130000","1.0113.00.00","Serviços de demolição"
"nbs_101140000","1.0114.00.00","Serviços de preparação de terrenos e construção de canteiros de obras"
"nbs_101150000","1.0115.00.00","Serviços de escavação e remoção de terra"
"nbs_101161000","1.0116.10.00","Serviços de perfuração de poços de água"
"nbs_101162000","1.0116.20.00","Serviços de instalação de sistemas sépticos"
"nbs_101170000","1.0117.00.00","Serviços de montagem e edificação de construções pré-fabricadas"
"nbs_101181000","1.0118.10.00","Serviços de estaqueamento"
"nbs_101182000","1.0118.20.00","Serviços de fundação"
"nbs_101191000","1.0119.10.00","Serviços de construção de estruturas de prédios"
"nbs_101192000","1.0119.20.00","Serviços de construção de estruturas de telhados e coberturas"
"nbs_101200000","1.0120.00.00","Serviços de construção de telhados e coberturas e serviços de impermeabilização"
"nbs_101210000","1.0121.00.00","Serviços de concretagem"
"nbs_101220000","1.0122.00.00","Serviços de estruturas de aço estrutural"
"nbs_101230000","1.0123.00.00","Serviços de alvenaria"
"nbs_101240000","1.0124.00.00","Serviços de andaimes"
"nbs_101250000","1.0125.00.00","Outros serviços especializados de construção"
"nbs_101261000","1.0126.10.00","Serviços de instalação de fiação elétrica e componentes"
"nbs_101262000","1.0126.20.00","Serviços de instalação de alarmes contra incêndio"
"nbs_101263000","1.0126.30.00","Serviços de instalação de sistemas de alarmes antifurto"
"nbs_101264000","1.0126.40.00","Serviços de instalação de antenas residenciais"
"nbs_101269000","1.0126.90.00","Outros serviços de instalação elétrica"
"nbs_101271000","1.0127.10.00","Serviços de tubulação para fornecimento de água"
"nbs_101272000","1.0127.20.00","Serviços de tubulação de escoamento de água"
"nbs_101281000","1.0128.10.00","Serviços de instalação de aquecimento"
"nbs_101282000","1.0128.20.00","Serviços de instalação de ventilação e ar condicionado"
"nbs_101290000","1.0129.00.00","Serviços de instalação de gás"
"nbs_101300000","1.0130.00.00","Serviços de isolamento"
"nbs_101311000","1.0131.10.00","Serviços de instalação de elevadores, esteiras e escadas rolantes"
"nbs_101319000","1.0131.90.00","Outros serviços de instalação"
"nbs_101320000","1.0132.00.00","Serviços de vidraçaria"
"nbs_101330000","1.0133.00.00","Serviços de gesso"
"nbs_101340000","1.0134.00.00","Serviços de pintura"
"nbs_101350000","1.0135.00.00","Serviços de assentamento de revestimentos em paredes e pisos"
"nbs_101360000","1.0136.00.00","Outros serviços de cobertura de pisos e paredes e papel de parede"
"nbs_101370000","1.0137.00.00","Serviços de carpintaria e serralheria, inclusive suas instalações e montagens"
"nbs_101380000","1.0138.00.00","Serviços de instalação de cercas e grades"
"nbs_101390000","1.0139.00.00","Outros serviços de acabamento das construções"
"nbs_102010000","1.0201.00.00","Serviços de agentes de distribuição de mercadorias"
"nbs_102020000","1.0202.00.00","Comércio atacadista"
"nbs_102030000","1.0203.00.00","Comércio varejista"
"nbs_102041000","1.0204.10.00","Serviços de despachante aduaneiro na importação"
"nbs_102042000","1.0204.20.00","Serviços de despachante aduaneiro na exportação"
"nbs_102050000","1.0205.00.00","Serviços de agentes na comercialização de energia elétrica"
"nbs_103011000","1.0301.10.00","Fornecimento de refeições acompanhado de serviços de restaurante"
"nbs_103012100","1.0301.21.00","Fornecimento de refeições pelo sistema de autosserviço (self-service)"
"nbs_103012200","1.0301.22.00","Fornecimento de comidas do tipo “comidas rápidas” (fast-food)"
"nbs_103012900","1.0301.29.00","Outros fornecimentos de refeições com serviços limitados de restaurante"
"nbs_103013100","1.0301.31.00","Fornecimento de alimentação para eventos, sob contrato"
"nbs_103013200","1.0301.32.00","Fornecimento de alimentação, incluindo refeições, para operadores de transportes (comissaria ou catering)"
"nbs_103013900","1.0301.39.00","Outros fornecimentos de alimentação, incluindo refeições, sob contrato"
"nbs_103019000","1.0301.90.00","Outros fornecimentos de alimentação"
"nbs_103020000","1.0302.00.00","Fornecimento de bebidas em bares, cervejarias e outros"
"nbs_103031100","1.0303.11.00","Serviços de quarto ou de unidades de hospedagem para visitantes, com serviços diários de faxina"
"nbs_103031200","1.0303.12.00","Serviços de quarto ou de unidades de hospedagem para visitantes, sem serviços diários de faxina"
"nbs_103031300","1.0303.13.00","Serviços de quarto ou de unidades de hospedagem para visitantes, em propriedades partilhadas"
"nbs_103031400","1.0303.14.00","Serviços de quarto ou de unidades de hospedagem para visitantes, em quartos de múltipla ocupação"
"nbs_103032000","1.0303.20.00","Serviços de acampamentos turísticos (camping)"
"nbs_103039000","1.0303.90.00","Outros serviços de hospedagem para visitantes"
"nbs_103041000","1.0304.10.00","Serviços de quarto ou de unidades de hospedagem para estudantes em residências estudantis"
"nbs_103042000","1.0304.20.00","Serviços de quarto ou de unidades de hospedagem para trabalhadores em hotéis ou campos"
"nbs_103049000","1.0304.90.00","Outros serviços de quarto ou de unidades de hospedagem"
"nbs_104011110","1.0401.11.10","Serviços prestados única e exclusivamente por meio de ônibus"
"nbs_104011190","1.0401.11.90","Serviços prestados por meio de outros veículos rodoviários"
"nbs_104011200","1.0401.12.00","Serviços de transporte rodoviário de passageiros nas áreas metropolitanas"
"nbs_104011300","1.0401.13.00","Serviços de transporte ferroviário urbano ou rural, inclusive nas áreas metropolitanas, de passageiros"
"nbs_104011400","1.0401.14.00","Serviços de transporte metroviário (metrô) de passageiros"
"nbs_104011500","1.0401.15.00","Serviços de transporte integrado urbano ou rural, inclusive nas áreas metropolitanas, de passageiros"
"nbs_104011600","1.0401.16.00","Serviços de taxi"
"nbs_104011700","1.0401.17.00","Serviço de aluguel de carros com motorista"
"nbs_104011910","1.0401.19.10","Serviços de transporte escolar"
"nbs_104011990","1.0401.19.90","Outros serviços terrestres de transporte de passageiros"
"nbs_104012100","1.0401.21.00","Serviços de transporte por navegação interior de passageiros por embarcações para travessia"
"nbs_104012200","1.0401.22.00","Serviços de transporte por navegação interior de passageiros por embarcações para cruzeiros"
"nbs_104012900","1.0401.29.00","Outros serviços de transporte por navegação interior de passageiros"
"nbs_104019000","1.0401.90.00","Outros serviços de transporte de passageiros em áreas urbanas ou rurais, inclusive metropolitanas"
"nbs_104021100","1.0402.11.00","Serviços de transporte rodoviário para passeios turísticos (sightseeing)"
"nbs_104021200","1.0402.12.00","Serviços de transporte ferroviário para passeios turísticos (sightseeing)"
"nbs_104021300","1.0402.13.00","Serviços de transporte aquaviário para passeios turísticos (sightseeing)"
"nbs_104021400","1.0402.14.00","Serviços de transporte aéreo para passeios turísticos (sightseeing)"
"nbs_104021900","1.0402.19.00","Outros serviços transporte para passeios turísticos (sightseeing)"
"nbs_104022100","1.0402.21.00","Serviços de fretamento contínuo"
"nbs_104022200","1.0402.22.00","Serviços de fretamento eventual ou turístico"
"nbs_104022900","1.0402.29.00","Outros serviços de fretamento, exceto aéreo"
"nbs_104031110","1.0403.11.10","Serviços prestados única e exclusivamente por meio de ônibus"
"nbs_104031190","1.0403.11.90","Serviços prestados por meio de outros veículos rodoviários"
"nbs_104031200","1.0403.12.00","Serviços de transporte ferroviário interestadual, inclusive interestadual semiurbano, de passageiros"
"nbs_104031900","1.0403.19.00","Outros serviços terrestres de transporte interestadual, inclusive interestadual semiurbano, não classificados em outra posição, e de transporte internacional de passageiros"
"nbs_104032100","1.0403.21.00","Serviços de transporte interestadual, inclusive interestadual semiurbano, por navegação interior, de passageiros por embarcações para travessia"
"nbs_104032200","1.0403.22.00","Serviços de transporte interestadual, inclusive interestadual semiurbano, por navegação interior, de passageiros por embarcações para cruzeiros"
"nbs_104032300","1.0403.23.00","Serviços de transporte internacional, de passageiros por embarcações para cruzeiros"
"nbs_104032900","1.0403.29.00","Outros serviços de transporte aquaviário interestadual, inclusive interestadual semiurbano, de passageiros"
"nbs_104039000","1.0403.90.00","Outros serviços de transporte interestadual, inclusive interestadual semiurbano, e internacional de passageiros, exceto os serviços de transporte aéreo"
"nbs_104041100","1.0404.11.00","Serviços de transporte aéreo doméstico de passageiros"
"nbs_104041200","1.0404.12.00","Serviços de transporte aéreo internacional de passageiros"
"nbs_104042000","1.0404.20.00","Serviços de transporte aéreo por fretamento"
"nbs_104049100","1.0404.91.00","Serviços de táxi aéreo"
"nbs_104049900","1.0404.99.00","Outros serviços de transporte aéreo de passageiros"
"nbs_104900000","1.0490.00.00","Outros serviços de transporte de passageiros"
"nbs_105011110","1.0501.11.10","Serviços de transporte rodoviário de cargas sólidas a granel"
"nbs_105011120","1.0501.11.20","Serviços de transporte rodoviário de cargas líquidas ou liquefeitas, a granel"
"nbs_105011130","1.0501.11.30","Serviços de transporte rodoviário de cargas gasosas a granel"
"nbs_105011200","1.0501.12.00","Serviços de transporte rodoviário de cargas vivas"
"nbs_105011310","1.0501.13.10","Serviços de transporte rodoviário de carga solta, não unitizada."
"nbs_105011320","1.0501.13.20","Serviços de transporte rodoviário de carga unitizada, exceto em contêineres"
"nbs_105011410","1.0501.14.10","Serviços de transporte rodoviário de cargas sem contêineres frigorificados ou climatizados"
"nbs_105011490","1.0501.14.90","Serviços de transporte rodoviário de cargas em outros tipos de contêineres"
"nbs_105011500","1.0501.15.00","Serviços de transporte rodoviário de mudanças domésticas e de mobília e outros objetos de escritório"
"nbs_105011600","1.0501.16.00","Serviços de transporte rodoviário de cargas especiais e de grande porte"
"nbs_105011700","1.0501.17.00","Serviços de transporte rodoviário de veículos"
"nbs_105011810","1.0501.18.10","Serviços de transporte rodoviário de combustíveis, lubrificantes e GLP, inclusive apresentado em botijões metálicos"
"nbs_105011820","1.0501.18.20","Serviços de transporte rodoviário de produtos químicos perigosos"
"nbs_105011890","1.0501.18.90","Serviços de transporte rodoviário de  outros produtos perigosos"
"nbs_105011900","1.0501.19.00","Serviços de transporte rodoviário de outros tipos de carga"
"nbs_105012110","1.0501.21.10","Serviços de transporte ferroviário de cargas sólidas a granel"
"nbs_105012120","1.0501.21.20","Serviços de transporte ferroviário de cargas líquidas ou liquefeitas, a granel"
"nbs_105012130","1.0501.21.30","Serviços de transporte ferroviário de cargas gasosas a granel"
"nbs_105012200","1.0501.22.00","Serviços de transporte ferroviário de cargas vivas"
"nbs_105012310","1.0501.23.10","Serviços de transporte ferroviário de carga solta, não unitizada"
"nbs_105012320","1.0501.23.20","Serviços de transporte ferroviário de carga unitizada, exceto em contêineres"
"nbs_105012330","1.0501.23.30","Serviços de transporte ferroviário de bens e valores"
"nbs_105012410","1.0501.24.10","Serviços de transporte ferroviário de cargas sem contêineres frigorificados ou climatizados"
"nbs_105012490","1.0501.24.90","Serviços de transporte ferroviário de cargas em outros tipos de contêineres"
"nbs_105012510","1.0501.25.10","Serviços de transporte ferroviário de combustíveis, lubrificantes e GLP, inclusive apresentado em botijões metálicos"
"nbs_105012520","1.0501.25.20","Serviços de transporte ferroviário de produtos químicos perigosos"
"nbs_105012530","1.0501.25.30","Serviços de transporte ferroviário de armamentos militares e munições"
"nbs_105012540","1.0501.25.40","Serviços de transporte ferroviário de fundidos em estado líquido"
"nbs_105012550","1.0501.25.50","Serviços de transporte ferroviário de material radioativo"
"nbs_105012590","1.0501.25.90","Serviços de transporte ferroviário de outros produtos perigosos"
"nbs_105012900","1.0501.29.00","Serviços de transporte ferroviário de outros tipos de carga"
"nbs_105013100","1.0501.31.00","Serviços de transporte de petróleo, gás natural e combustível"
"nbs_105013200","1.0501.32.00","Serviços de transporte de minérios"
"nbs_105013900","1.0501.39.00","Serviços de transporte de outras mercadorias"
"nbs_105021110","1.0502.11.10","Serviços de transporte aquaviário de navegação de cabotagem e de longo curso de cargas sólidas, a granel"
"nbs_105021120","1.0502.11.20","Serviços de transporte aquaviário de navegação de cabotagem e de longo curso de cargas líquidas ou liquefeitas, a granel"
"nbs_105021130","1.0502.11.30","Serviços de transporte aquaviário de navegação de cabotagem e de longo curso de cargas gasosas a granel"
"nbs_105021200","1.0502.12.00","Serviços de transporte aquaviário de navegação de cabotagem e de longo curso de cargas vivas"
"nbs_105021310","1.0502.13.10","Serviços de transporte aquaviário de navegação de cabotagem e de longo curso de carga solta, não unitizada"
"nbs_105021320","1.0502.13.20","Serviços de transporte aquaviário de navegação de cabotagem e de longo curso de carga unitizada, exceto deem contêineres"
"nbs_105021410","1.0502.14.10","Serviços de transporte aquaviário de navegação de cabotagem e de longo curso de cargas sem contêineres frigorificados ou climatizados"
"nbs_105021490","1.0502.14.90","Serviços de transporte aquaviário de navegação de cabotagem e de longo curso de cargas em outros tipos de contêineres"
"nbs_105021500","1.0502.15.00","Serviços de transporte aquaviário de navegação de cabotagem e de longo curso de mudanças domésticas e de mobília e outros objetos de escritório"
"nbs_105021600","1.0502.16.00","Serviços de transporte aquaviário de navegação de cabotagem e de longo curso de cargas especiais e de grande porte"
"nbs_105021700","1.0502.17.00","Serviços de transporte aquaviário de navegação de cabotagem e de longo curso de veículos"
"nbs_105021810","1.0502.18.10","Serviços de transporte aquaviário de navegação de cabotagem e de longo curso de combustíveis, lubrificantes e GLP, inclusive apresentado em botijões metálicos"
"nbs_105021820","1.0502.18.20","Serviços de transporte aquaviário de navegação de cabotagem e de longo curso de produtos químicos perigosos"
"nbs_105021890","1.0502.18.90","Serviços de transporte aquaviário de navegação de cabotagem e de longo curso de outros produtos perigosos"
"nbs_105021900","1.0502.19.00","Serviços de transporte aquaviário de navegação de cabotagem e de longo curso  de outros tipos de carga"
"nbs_105022110","1.0502.21.10","Serviços de transporte aquaviário por navegação interior de cargas sólidas, a granel"
"nbs_105022120","1.0502.21.20","Serviços de transporte aquaviário por navegação interior de cargas líquidas ou liquefeitas, a granel"
"nbs_105022130","1.0502.21.30","Serviços de transporte aquaviário por navegação interior de cargas gasosas a granel"
"nbs_105022200","1.0502.22.00","Serviços de transporte aquaviário por navegação interior  de cargas vivas"
"nbs_105022310","1.0502.23.10","Serviços de transporte aquaviário por navegação interior de carga solta, não unitizada"
"nbs_105022320","1.0502.23.20","Serviços de transporte aquaviário por navegação interior de carga unitizada, exceto em contêineres"
"nbs_105022410","1.0502.24.10","Serviços de transporte aquaviário por navegação interior de cargas sem contêineres frigorificados ou climatizados"
"nbs_105022490","1.0502.24.90","Serviços de transporte aquaviário por navegação interior de cargas em outros tipos de contêineres"
"nbs_105022500","1.0502.25.00","Serviços de transporte aquaviário por navegação interior de mudanças domésticas e de mobília e outros objetos de escritório"
"nbs_105022600","1.0502.26.00","Serviços de transporte aquaviário por navegação interior  de cargas especiais e de grande porte"
"nbs_105022700","1.0502.27.00","Serviços de transporte aquaviário por navegação interior de veículos"
"nbs_105022810","1.0502.28.10","Serviços de transporte aquaviário por navegação interior de combustíveis, lubrificantes e GLP, inclusive apresentado em botijões metálicos"
"nbs_105022820","1.0502.28.20","Serviços de transporte aquaviário por navegação interior de produtos químicos perigosos"
"nbs_105022890","1.0502.28.90","Serviços de transporte aquaviário por navegação interior  de  outros produtos perigosos"
"nbs_105022900","1.0502.29.00","Serviços de transporte aquaviário por navegação interior de outros tipos de carga"
"nbs_105023100","1.0502.31.00","Serviços de navegação de apoio portuário"
"nbs_105023200","1.0502.32.00","Serviços de navegação de apoio marítimo"
"nbs_105031000","1.0503.10.00","Serviços de transporte aéreo de cargas postais, remessas expressas e cargas congêneres"
"nbs_105032010","1.0503.20.10","Serviços de transporte aéreo de cargas sem contêineres frigorificados ou climatizados"
"nbs_105032090","1.0503.20.90","Serviços de transporte aéreo de cargas em outros tipos de contêineres"
"nbs_105033010","1.0503.30.10","Serviços de transporte aéreo de produtos perigosos"
"nbs_105033020","1.0503.30.20","Serviços de transporte aéreo de animais vivos"
"nbs_105033030","1.0503.30.30","Serviços de transporte aéreo de máquinas e veículos"
"nbs_105033040","1.0503.30.40","Serviços de transporte aéreo de perecíveis"
"nbs_105033050","1.0503.30.50","Serviços de transporte aéreo de cargas frágeis"
"nbs_105033060","1.0503.30.60","Serviços de transporte aéreo de cargas controladas"
"nbs_105033070","1.0503.30.70","Serviços de transporte aéreo de valores"
"nbs_105033090","1.0503.30.90","Serviços de transporte aéreo de outras cargas especiais"
"nbs_105039000","1.0503.90.00","Serviços de transporte aéreo de outros tipos de cargas"
"nbs_105041010","1.0504.10.10","Serviços de transporte multimodal de cargas sólidas, a granel"
"nbs_105041020","1.0504.10.20","Serviços de transporte multimodal de cargas líquidas ou liquefeitas, a granel"
"nbs_105041030","1.0504.10.30","Serviços de transporte multimodal de cargas gasosas a granel"
"nbs_105042000","1.0504.20.00","Serviços de transporte multimodal de cargas vivas"
"nbs_105043010","1.0504.30.10","Serviços de transporte multimodal de cargas soltas, não unitizadas"
"nbs_105043020","1.0504.30.20","Serviços de transporte multimodal de cargas unitizadas, exceto em contêineres"
"nbs_105044010","1.0504.40.10","Serviços de transporte multimodal de cargas sem contêineres frigorificados ou climatizados"
"nbs_105044090","1.0504.40.90","Serviços de transporte multimodal de cargas em outros tipos de contêineres"
"nbs_105045000","1.0504.50.00","Serviços de transporte multimodal de mudanças domésticas e de mobília e outros objetos de escritório"
"nbs_105046000","1.0504.60.00","Serviços de transporte multimodal de cargas especiais e de grande porte"
"nbs_105047000","1.0504.70.00","Serviços de transporte multimodal de veículos"
"nbs_105048010","1.0504.80.10","Serviços de transporte multimodal de combustíveis, lubrificantes e GLP, inclusive apresentado em botijões metálicos"
"nbs_105048020","1.0504.80.20","Serviços de transporte multimodal de produtos químicos perigosos"
"nbs_105048090","1.0504.80.90","Serviços de transporte multimodal de outros produtos perigosos"
"nbs_105049000","1.0504.90.00","Serviços de transporte multimodal de outros tipos de carga"
"nbs_105051010","1.0505.10.10","Serviços de transporte intermodal de cargas sólidas, a granel"
"nbs_105051020","1.0505.10.20","Serviços de transporte intermodal de cargas líquidas ou liquefeitas, a granel"
"nbs_105051030","1.0505.10.30","Serviços de transporte intermodal de cargas gasosas a granel"
"nbs_105052000","1.0505.20.00","Serviços de transporte intermodal de cargas vivas"
"nbs_105053010","1.0505.30.10","Serviços de transporte intermodal de cargas soltas, não unitizadas."
"nbs_105053020","1.0505.30.20","Serviços de transporte intermodal de cargas unitizadas, exceto deem contêineres"
"nbs_105054010","1.0505.40.10","Serviços de transporte intermodal de cargas sem contêineres frigorificados ou climatizados"
"nbs_105054090","1.0505.40.90","Serviços de transporte intermodal de cargas em outros tipos de contêineres"
"nbs_105055000","1.0505.50.00","Serviços de transporte intermodal de mudanças domésticas, e de mobília de escritório e de outros objetos de escritório"
"nbs_105056000","1.0505.60.00","Serviços de transporte intermodal de cargas especiais e de grande porte"
"nbs_105057000","1.0505.70.00","Serviços de transporte intermodal de veículos"
"nbs_105058010","1.0505.80.10","Serviços de transporte intermodal de combustíveis, lubrificantes e GLP, inclusive apresentado em botijões metálicos"
"nbs_105058020","1.0505.80.20","Serviços de transporte intermodal de produtos químicos perigosos"
"nbs_105058090","1.0505.80.90","Serviços de transporte intermodal de outros produtos perigosos"
"nbs_105059000","1.0505.90.00","Serviços de transporte intermodal de outros tipos de carga"
"nbs_106011000","1.0601.10.00","Serviços de manuseio de contêineres"
"nbs_106019000","1.0601.90.00","Outros serviços de manuseio de cargas e bagagens"
"nbs_106021000","1.0602.10.00","Serviços de armazenagem frigorífica"
"nbs_106022010","1.0602.20.10","Serviços de armazenagem de petróleo e seus derivados"
"nbs_106022020","1.0602.20.20","Serviços de armazenagem de combustíveis, lubrificantes e GLP, inclusive apresentado em botijões metálicos"
"nbs_106022030","1.0602.20.30","Serviços de armazenagem de produtos químicos perigosos"
"nbs_106022090","1.0602.20.90","Serviços de armazenagem de outros produtos perigosos"
"nbs_106023010","1.0602.30.10","Serviços de armazenagem de granéis sólidos"
"nbs_106023020","1.0602.30.20","Serviços de armazenagem de granéis líquidos ou liquefeitos"
"nbs_106023030","1.0602.30.30","Serviços de armazenagem de granéis gasosos"
"nbs_106029000","1.0602.90.00","Outros serviços de armazenagem em depósitos"
"nbs_106030000","1.0603.00.00","Serviços de apoio para transportes ferroviários"
"nbs_106041000","1.0604.10.00","Serviços de estações rodoviárias"
"nbs_106042010","1.0604.20.10","Serviços de operação de autoestradas"
"nbs_106042020","1.0604.20.20","Serviços de operação de pontes e túneis"
"nbs_106042030","1.0604.20.30","Serviços de exploração de pedágios"
"nbs_106043000","1.0604.30.00","Serviços de estacionamentos"
"nbs_106044000","1.0604.40.00","Serviços de reboque para veículos particulares e comerciais"
"nbs_106049000","1.0604.90.00","Outros serviços de apoio ao transporte rodoviário"
"nbs_106051000","1.0605.10.00","Serviços de operação de portos e canais, exceto manuseio de cargas"
"nbs_106052000","1.0605.20.00","Serviços de praticagem e de docas"
"nbs_106053000","1.0605.30.00","Serviços de salvamento de embarcações"
"nbs_106059000","1.0605.90.00","Outros serviços de apoio ao transporte aquaviário, exceto os serviços de navegação de apoio"
"nbs_106061000","1.0606.10.00","Serviços de operação de aeroportos, exceto manuseio de cargas"
"nbs_106062000","1.0606.20.00","Serviços de controle de tráfego aéreo"
"nbs_106069000","1.0606.90.00","Outros serviços de apoio ao transporte aéreo"
"nbs_106071000","1.0607.10.00","Serviços de agências de fretamento de transporte e outros serviços de fretamento de transportes"
"nbs_106079000","1.0607.90.00","Outros serviços de apoio aos transportes, exceto serviços de apoio ao transporte"
"nbs_106081000","1.0608.10.00","Serviços de coleta e entrega do transporte multimodal e intermodal de cargas"
"nbs_106082000","1.0608.20.00","Serviços de unitização ou desunitização do transporte multimodal e intermodal de cargas"
"nbs_106083000","1.0608.30.00","Serviços de movimentação do transporte multimodal e intermodal de cargas"
"nbs_106084000","1.0608.40.00","Serviços de consolidação ou desconsolidação documental do transporte multimodal e intermodal de cargas"
"nbs_106089000","1.0608.90.00","Outros serviços de apoio ao transporte multimodal e intermodal de cargas"
"nbs_107010000","1.0701.00.00","Serviços postais e de telegrama"
"nbs_107020000","1.0702.00.00","Serviços de coleta, remessa ou entrega de documentos (exceto cartas) ou de pequenos objetos"
"nbs_107030000","1.0703.00.00","Serviços de remessas expressas"
"nbs_108011100","1.0801.11.00","Serviços de transmissão de eletricidade"
"nbs_108011200","1.0801.12.00","Serviços de distribuição de eletricidade"
"nbs_108012000","1.0801.20.00","Serviços de distribuição de gás canalizado"
"nbs_108021000","1.0802.10.00","Serviços de distribuição de água por meio de tubulações, exceto vapor de água e água quente"
"nbs_108022000","1.0802.20.00","Serviços de distribuição de vapor de água, água quente e ar condicionado por meio de tubulações"
"nbs_108023000","1.0802.30.00","Serviços de distribuição de água, exceto através de tubulações"
"nbs_109011000","1.0901.10.00","Serviços de banco central"
"nbs_109012100","1.0901.21.00","Serviços de depósito para pessoas jurídicas"
"nbs_109012200","1.0901.22.00","Serviços de depósito para pessoas físicas"
"nbs_109012900","1.0901.29.00","Outros serviços de depósito"
"nbs_109013100","1.0901.31.00","Serviços de financiamentos imobiliários residenciais"
"nbs_109013200","1.0901.32.00","Serviços de financiamentos imobiliários não-residenciais"
"nbs_109013300","1.0901.33.00","Serviços de empréstimos e financiamentos, pessoais"
"nbs_109013400","1.0901.34.00","Serviços de empréstimos e financiamentos, comerciais"
"nbs_109013500","1.0901.35.00","Serviços de empréstimos e financiamentos, industriais"
"nbs_109013600","1.0901.36.00","Serviços de empréstimos e financiamentos, agropecuários"
"nbs_109013900","1.0901.39.00","Outros serviços de concessão de crédito"
"nbs_109014000","1.0901.40.00","Serviços de cartão de crédito"
"nbs_109015111","1.0901.51.11","Arrendamento mercantil financeiro de veículos rodoviários automotores para o transporte de passageiros"
"nbs_109015112","1.0901.51.12","Arrendamento mercantil financeiro de veículos rodoviários automotores para o transporte de mercadorias"
"nbs_109015113","1.0901.51.13","Arrendamento mercantil financeiro de veículos e equipamentos ferroviários"
"nbs_109015114","1.0901.51.14","Arrendamento mercantil financeiro de outros equipamentos de transporte terrestre, inclusive de veículos de uso misto"
"nbs_109015115","1.0901.51.15","Arrendamento mercantil financeiro de navios e outras embarcações"
"nbs_109015116","1.0901.51.16","Arrendamento mercantil financeiro de aeronaves"
"nbs_109015117","1.0901.51.17","Arrendamento mercantil financeiro de contêineres"
"nbs_109015121","1.0901.51.21","Arrendamento mercantil financeiro de máquinas e equipamentos agrícolas"
"nbs_109015122","1.0901.51.22","Arrendamento mercantil financeiro de máquinas e equipamentos de construção"
"nbs_109015123","1.0901.51.23","Arrendamento mercantil financeiro de máquinas e equipamentos para escritórios, exceto computadores"
"nbs_109015124","1.0901.51.24","Arrendamento mercantil financeiro de computadores"
"nbs_109015125","1.0901.51.25","Arrendamento mercantil financeiro de equipamentos de telecomunicação"
"nbs_109015129","1.0901.51.29","Arrendamento mercantil financeiro de máquinas e equipamentos, não classificados em outra posição"
"nbs_109015210","1.0901.52.10","Arrendamento mercantil financeiro de televisão e outros eletroeletrônicos domésticos, bem como seus acessórios"
"nbs_109015220","1.0901.52.20","Arrendamento mercantil financeiro de mídias gravadas"
"nbs_109015230","1.0901.52.30","Arrendamento mercantil financeiro de móveis e eletrodomésticos"
"nbs_109015240","1.0901.52.40","Arrendamento mercantil financeiro de equipamentos para diversão e lazer"
"nbs_109015250","1.0901.52.50","Arrendamento mercantil financeiro de artigos de cama, mesa e banho"
"nbs_109015290","1.0901.52.90","Arrendamento mercantil financeiro de outras mercadorias não classificadas em outra posição"
"nbs_109019000","1.0901.90.00","Outros serviços financeiros , exceto bancos de investimento, serviços de seguros e previdência complementar"
"nbs_109021000","1.0902.10.00","Serviços de valoração de ativos"
"nbs_109022000","1.0902.20.00","Serviços de subscrição de valores mobiliários"
"nbs_109023000","1.0902.30.00","Serviços de fusões e aquisições"
"nbs_109024000","1.0902.40.00","Serviços de capital de risco e finanças corporativas"
"nbs_109029000","1.0902.90.00","Outros serviços relacionados a bancos de investimentos"
"nbs_109031100","1.0903.11.00","Serviços de seguros de vida"
"nbs_109031200","1.0903.12.00","Serviços de previdência complementar aberta"
"nbs_109031300","1.0903.13.00","Serviços de previdência complementar fechada"
"nbs_109032000","1.0903.20.00","Serviços de seguros saúde e de acidentes"
"nbs_109039100","1.0903.91.00","Serviços de seguros de veículos rodoviários"
"nbs_109039200","1.0903.92.00","Serviços de seguros de veículos e equipamentos para transporte ferroviário, aquaviário e aéreo"
"nbs_109039300","1.0903.93.00","Serviços de seguros de cargas"
"nbs_109039400","1.0903.94.00","Serviços de seguros de outras propriedades"
"nbs_109039500","1.0903.95.00","Serviços de seguros por responsabilidade civil"
"nbs_109039600","1.0903.96.00","Serviços de seguros de crédito e de caução"
"nbs_109039700","1.0903.97.00","Serviços de seguros de viagem"
"nbs_109039900","1.0903.99.00","Outros serviços de seguros"
"nbs_109041000","1.0904.10.00","Serviços de resseguros de vida"
"nbs_109042000","1.0904.20.00","Serviços de resseguros saúde e de acidentes"
"nbs_109043100","1.0904.31.00","Serviços de resseguros de veículos rodoviários"
"nbs_109043200","1.0904.32.00","Serviços de resseguros de veículos e equipamentos para transporte ferroviário, aquaviário e aéreo"
"nbs_109043300","1.0904.33.00","Serviços de resseguros de cargas"
"nbs_109043400","1.0904.34.00","Serviços de resseguros de outras propriedades"
"nbs_109043500","1.0904.35.00","Serviços de resseguros de responsabilidade civil"
"nbs_109043600","1.0904.36.00","Serviços de resseguros de crédito e caução"
"nbs_109043900","1.0904.39.00","Outros serviços de resseguros e serviços de retrocessão"
"nbs_109051100","1.0905.11.00","Serviços de corretagem de títulos"
"nbs_109051200","1.0905.12.00","Serviços de corretagem de derivativos e commodities"
"nbs_109051300","1.0905.13.00","Serviços de compensação de transações financeiras, inclusive com ativos financeiros (clearinghouse)"
"nbs_109052000","1.0905.20.00","Serviços de gestão e administração de carteiras de ativos, exceto fundos de pensão"
"nbs_109053000","1.0905.30.00","Serviços de guarda e custódia"
"nbs_109054000","1.0905.40.00","Serviços relacionados à administração de mercados financeiros"
"nbs_109059100","1.0905.91.00","Serviços de consultoria financeira"
"nbs_109059200","1.0905.92.00","Serviços de câmbio"
"nbs_109059300","1.0905.93.00","Serviços de classificação de risco (rating)"
"nbs_109059400","1.0905.94.00","Serviços fiduciários"
"nbs_109059900","1.0905.99.00","Outros serviços auxiliares aos serviços financeiros não classificados em outra posição"
"nbs_109061100","1.0906.11.00","Serviços de agenciamento e corretagem de seguros e previdência complementar, exceto de seguros saúde"
"nbs_109061200","1.0906.12.00","Serviços de corretagem de saúde"
"nbs_109062000","1.0906.20.00","Serviços de perícia e avaliação de seguros"
"nbs_109063000","1.0906.30.00","Serviços atuariais"
"nbs_109064000","1.0906.40.00","Serviços de gestão de fundos de previdência complementar"
"nbs_109069000","1.0906.90.00","Outros serviços auxiliares a seguros  e previdência complementar"
"nbs_109070000","1.0907.00.00","Securitização de recebíveis"
"nbs_109080000","1.0908.00.00","Fomento comercial (factoring)"
"nbs_110011100","1.1001.11.00","Serviços de administração e locação de imóveis residenciais"
"nbs_110011210","1.1001.12.10","Serviços de administração de locação, sublocação, arrendamento, direito de passagem ou permissão de uso, compartilhado ou não, de ferrovia, rodovia, postes, cabos, dutos e condutos de qualquer natureza"
"nbs_110011290","1.1001.12.90","Outros serviços de administração e locação de imóveis não residenciais"
"nbs_110012100","1.1001.21.00","Compra e venda de imóveis residenciais"
"nbs_110012200","1.1001.22.00","Compra e venda de imóveis não-residenciais"
"nbs_110013000","1.1001.30.00","Serviços de avaliação de imóveis"
"nbs_110014000","1.1001.40.00","Serviços de consultoria imobiliária"
"nbs_110015000","1.1001.50.00","Serviços de assessoria de gestão condominial (condomínios, edifícios residenciais e mistos)"
"nbs_110900000","1.1090.00.00","Outros serviços imobiliários"
"nbs_111011100","1.1101.11.00","Arrendamento mercantil operacional ou locação de veículos rodoviários automotores para o transporte de até oito passageiros, sem operador"
"nbs_111011200","1.1101.12.00","Arrendamento mercantil operacional ou locação de veículos rodoviários automotores para o transporte de mercadorias, sem operador"
"nbs_111011300","1.1101.13.00","Arrendamento mercantil operacional ou locação de veículos e equipamentos ferroviários, sem operador"
"nbs_111011400","1.1101.14.00","Arrendamento mercantil operacional ou locação de outros equipamentos de transporte terrestre, inclusive de veículos de uso misto, sem operador"
"nbs_111011500","1.1101.15.00","Arrendamento mercantil operacional ou locação de navios e outras"
"nbs_111011600","1.1101.16.00","Arrendamento mercantil operacional ou locação de aeronaves, sem tripulação"
"nbs_111011700","1.1101.17.00","Arrendamento mercantil operacional ou locação de contêineres"
"nbs_111012100","1.1101.21.00","Arrendamento mercantil operacional ou locação de máquinas e equipamentos agrícolas, sem operador"
"nbs_111012200","1.1101.22.00","Arrendamento mercantil operacional ou locação de máquinas e equipamentos de construção, sem operador"
"nbs_111012300","1.1101.23.00","Arrendamento mercantil operacional ou locação de máquinas e equipamentos para escritórios, exceto computadores, sem operador"
"nbs_111012400","1.1101.24.00","Arrendamento mercantil operacional ou locação de computadores, sem operador"
"nbs_111012500","1.1101.25.00","Arrendamento mercantil operacional ou locação de equipamentos de telecomunicação, sem operador"
"nbs_111012900","1.1101.29.00","Arrendamento mercantil operacional ou locação de máquinas e equipamentos, não classificados em outra posição, sem operador"
"nbs_111021000","1.1102.10.00","Arrendamento mercantil operacional ou locação de televisão e outros eletroeletrônicos domésticos, bem como seus acessórios"
"nbs_111022000","1.1102.20.00","Arrendamento mercantil operacional ou locação de mídias gravadas"
"nbs_111023000","1.1102.30.00","Arrendamento mercantil operacional ou locação de móveis e eletrodomésticos"
"nbs_111024000","1.1102.40.00","Arrendamento mercantil operacional ou locação de equipamentos para diversão e lazer"
"nbs_111025000","1.1102.50.00","Arrendamento mercantil operacional ou locação de artigos de cama, mesa e banho"
"nbs_111026000","1.1102.60.00","Arrendamento mercantil operacional ou locação de roupas e calçados"
"nbs_111029000","1.1102.90.00","Arrendamento mercantil operacional ou locação de outras mercadorias não classificadas em outra posição"
"nbs_111031000","1.1103.10.00","Licenciamento de direitos de obras literárias"
"nbs_111032100","1.1103.21.00","Licenciamento de direitos de produção, distribuição ou comercialização de programas de computador"
"nbs_111032200","1.1103.22.00","Licenciamento de direitos de uso de programas de computador"
"nbs_111032900","1.1103.29.00","Licenciamento de outros direitos sobre programas de computador"
"nbs_111033100","1.1103.31.00","Licenciamento de direitos de autor de obras cinematográficas"
"nbs_111033200","1.1103.32.00","Licenciamento de direitos de autor de obras jornalísticas"
"nbs_111033300","1.1103.33.00","Licenciamento de direitos de autor de obras publicitárias"
"nbs_111033400","1.1103.34.00","Licenciamento de direitos conexos de artistas intérpretes ou executantes em obras audiovisuais"
"nbs_111033500","1.1103.35.00","Licenciamento de direitos conexos de produtores de obras audiovisuais"
"nbs_111033911","1.1103.39.11","Licenciamento de direitos de obras audiovisuais sobre transmissões de eventos esportivos"
"nbs_111033912","1.1103.39.12","Licenciamento de direitos de obras audiovisuais sobre transmissões de programas televisivos"
"nbs_111033919","1.1103.39.19","Licenciamento de direitos de obras audiovisuais sobre outras transmissões televisivas"
"nbs_111033990","1.1103.39.90","Licenciamento de direitos de outras obras audiovisuais, não classificados nos itens anteriores"
"nbs_111034100","1.1103.41.00","Licenciamento de direitos de autor de obras musicais ou literomusicais"
"nbs_111034200","1.1103.42.00","Licenciamento de direitos conexos de artistas intérpretes ou executantes"
"nbs_111034300","1.1103.43.00","Licenciamento de direitos conexos de produtores de fonogramas"
"nbs_111035000","1.1103.50.00","Licenciamento de direitos relacionados à radiodifusão"
"nbs_111039100","1.1103.91.00","Licenciamento de outros direitos de autor"
"nbs_111039200","1.1103.92.00","Licenciamento de outros direitos conexos"
"nbs_111041000","1.1104.10.00","Cessão temporária de direitos de obras literárias"
"nbs_111042000","1.1104.20.00","Cessão temporária de direitos sobre programas de computador"
"nbs_111043100","1.1104.31.00","Cessão temporária de direitos de autor de obras cinematográficas"
"nbs_111043200","1.1104.32.00","Cessão temporária de direitos de autor de obras jornalísticas"
"nbs_111043300","1.1104.33.00","Cessão temporária de direitos de autor de obras publicitárias"
"nbs_111043400","1.1104.34.00","Cessão temporária de direitos conexos de artistas intérpretes ou executantes em obras audiovisuais"
"nbs_111043500","1.1104.35.00","Cessão temporária de direitos conexos de produtores de obras audiovisuais"
"nbs_111043911","1.1104.39.11","Cessão temporária de direitos de obras audiovisuais sobre transmissões de eventos esportivos"
"nbs_111043912","1.1104.39.12","Cessão temporária de direitos de obras audiovisuais sobre transmissões de programas televisivos"
"nbs_111043919","1.1104.39.19","Cessão temporária de direitos de obras audiovisuais sobre outras transmissões televisivas"
"nbs_111043990","1.1104.39.90","Cessão temporária de direitos de outras obras audiovisuais , não classificados em outro item"
"nbs_111044100","1.1104.41.00","Cessão temporária de direitos de autor de obras musicais e literomusicais"
"nbs_111044200","1.1104.42.00","Cessão temporária de direitos conexos de artistas intérpretes ou executantes"
"nbs_111044300","1.1104.43.00","Cessão temporária de direitos conexos de produtores de fonogramas"
"nbs_111045000","1.1104.50.00","Cessão temporária de direitos relacionados à radiodifusão"
"nbs_111049100","1.1104.91.00","Cessão temporária de outros direitos de autor"
"nbs_111049200","1.1104.92.00","Cessão temporária de outros direitos conexos"
"nbs_111051000","1.1105.10.00","Licenciamento de direitos sobre patentes"
"nbs_111052000","1.1105.20.00","Licenciamento de direitos sobre marcas"
"nbs_111053000","1.1105.30.00","Licenciamento de direitos sobre desenho industrial"
"nbs_111059000","1.1105.90.00","Licenciamento de outros direitos sobre a propriedade industrial"
"nbs_111060000","1.1106.00.00","Licenciamento de direitos sobre cultivares"
"nbs_111070000","1.1107.00.00","Licenciamento de direitos sobre topografias de circuitos integrados"
"nbs_111080000","1.1108.00.00","Licenciamento de direitos relativos à informação não divulgada"
"nbs_111090000","1.1109.00.00","Licenciamento de outros direitos de propriedade intelectual não classificados em nenhuma das posições anteriores"
"nbs_111101000","1.1110.10.00","Contratos de prestação de serviços de assistência técnica e científica, combinadamente ou não, com qualquer modalidade de transferência de"
"nbs_111102000","1.1110.20.00","Contratos de fornecimento de tecnologia (know-how)"
"nbs_111103000","1.1110.30.00","Contratos de franquia"
"nbs_111109000","1.1110.90.00","Outros contratos de transferência de tecnologia"
"nbs_111111000","1.1111.10.00","Licenciamento de direitos de exploração de recursos vegetais, inclusive florestais"
"nbs_111112000","1.1111.20.00","Licenciamento de direitos de exploração de recursos minerais"
"nbs_111119000","1.1111.90.00","Licenciamento de direitos de exploração de outros recursos naturais"
"nbs_111121000","1.1112.10.00","Licenciamento de direitos sobre conhecimento tradicional associado a recursos genéticos"
"nbs_111129000","1.1112.90.00","Licenciamento de direitos sobre outros conhecimentos tradicionais"
"nbs_111130000","1.1113.00.00","Licenciamento de direitos relativos ao acesso a recursos genéticos, exceto os decorrentes do conhecimento tradicional"
"nbs_111900000","1.1190.00.00","Outras formas de licenciamento e de cessões para exploração de direitos, não classificadas nas posições anteriores"
"nbs_112011100","1.1201.11.00","Serviços de pesquisa e desenvolvimento em física"
"nbs_112011200","1.1201.12.00","Serviços de pesquisa e desenvolvimento em química e biologia"
"nbs_112011900","1.1201.19.00","Serviços de pesquisa e desenvolvimento em outras ciências naturais e exatas"
"nbs_112012100","1.1201.21.00","Serviços de pesquisa e desenvolvimento em biotecnologia"
"nbs_112012200","1.1201.22.00","Serviços de pesquisa e desenvolvimento em tecnologia da informação e comunicação (TIC)"
"nbs_112012300","1.1201.23.00","Serviços de pesquisa e desenvolvimento em nanotecnologia"
"nbs_112012400","1.1201.24.00","Serviços de pesquisa e desenvolvimento em engenharia e tecnologia nucleares"
"nbs_112012500","1.1201.25.00","Serviços de pesquisa e desenvolvimento em engenharia e tecnologia em microondas de potência"
"nbs_112012900","1.1201.29.00","Serviços de pesquisa e desenvolvimento em outros ramos da  engenharia e tecnologia"
"nbs_112013000","1.1201.30.00","Serviços de pesquisa e desenvolvimento em  ciências médica,"
"nbs_112014000","1.1201.40.00","Serviços de pesquisa e desenvolvimento em ciências agrárias"
"nbs_112019100","1.1201.91.00","Pesquisa tecnológica utilizando documentos de patentes"
"nbs_112019900","1.1201.99.00","Outros serviços de pesquisa e desenvolvimento em ciências naturais e engenharia"
"nbs_112021100","1.1202.11.00","Serviços de pesquisa e desenvolvimento em psicologia"
"nbs_112021200","1.1202.12.00","Serviços de pesquisa e desenvolvimento em economia ciências econômicas"
"nbs_112021300","1.1202.13.00","Serviços de pesquisa e desenvolvimento em direito"
"nbs_112021900","1.1202.19.00","Serviços de pesquisa e desenvolvimento em outras ciências sociais"
"nbs_112022000","1.1202.20.00","Serviços de pesquisa e desenvolvimento em humanidades"
"nbs_112030000","1.1203.00.00","Serviços de pesquisa e desenvolvimento interdisciplinar"
"nbs_113011000","1.1301.10.00","Serviços de representação e consultoria jurídica criminal"
"nbs_113012000","1.1301.20.00","Serviços de representação e consultoria jurídica em outras áreas do direito"
"nbs_113013000","1.1301.30.00","Serviços de documentação e certificação, exceto os serviços notariais e de registro"
"nbs_113014100","1.1301.41.00","Serviços de arbitragem, conciliação e mediação"
"nbs_113014900","1.1301.49.00","Outros serviços jurídicos não classificados em outra posição"
"nbs_113021100","1.1302.11.00","Serviços de auditoria contábil"
"nbs_113021900","1.1302.19.00","Outros serviços de auditoria"
"nbs_113022100","1.1302.21.00","Serviços de contabilidade"
"nbs_113022200","1.1302.22.00","Serviços de escrituração mercantil"
"nbs_113022300","1.1302.23.00","Serviços de folha de pagamento"
"nbs_113022900","1.1302.29.00","Outros serviços de contabilidade e escrituração mercantil"
"nbs_113031000","1.1303.10.00","Serviços de consultoria tributária para pessoas jurídicas"
"nbs_113032000","1.1303.20.00","Serviços de consultoria tributária para pessoas físicas"
"nbs_113040000","1.1304.00.00","Serviços notariais e de registro"
"nbs_114011100","1.1401.11.00","Serviços de consultoria gerencial estratégica"
"nbs_114011200","1.1401.12.00","Serviços de consultoria gerencial financeira"
"nbs_114011300","1.1401.13.00","Serviços de consultoria gerencial em recursos humanos"
"nbs_114011400","1.1401.14.00","Serviços de consultoria gerencial em marketing"
"nbs_114011500","1.1401.15.00","Serviços de consultoria gerencial operacional"
"nbs_114011600","1.1401.16.00","Serviços de consultoria gerencial em energia"
"nbs_114011700","1.1401.17.00","Serviços de consultoria em logística"
"nbs_114011800","1.1401.18.00","Serviços gerenciais em processos de negócios"
"nbs_114011900","1.1401.19.00","Outros serviços gerenciais e de consultoria gerencial"
"nbs_114012000","1.1401.20.00","Serviços de relações públicas"
"nbs_114013100","1.1401.31.00","Serviços de assessoria de imprensa"
"nbs_114013900","1.1401.39.00","Outros serviços de comunicação social"
"nbs_114021100","1.1402.11.00","Serviços de consultoria em arquitetura"
"nbs_114021200","1.1402.12.00","Serviços arquitetônicos para projetos de construções residenciais"
"nbs_114021300","1.1402.13.00","Serviços arquitetônicos para projetos de construções não residenciais"
"nbs_114021400","1.1402.14.00","Serviços arquitetônicos para restauração de prédios históricos"
"nbs_114021500","1.1402.15.00","Serviços de arquitetura relativos ao acompanhamento e fiscalização da execução de projetos arquitetônicos e urbanísticos"
"nbs_114022100","1.1402.21.00","Serviços de planejamento urbano"
"nbs_114022200","1.1402.22.00","Serviços de planejamento de áreas rurais"
"nbs_114023100","1.1402.31.00","Serviços de consultoria de paisagismo"
"nbs_114023200","1.1402.32.00","Serviços arquitetônicos de paisagismo"
"nbs_114029000","1.1402.90.00","Outros serviços de arquitetura, de planejamento urbano e de áreas rurais e de paisagismo"
"nbs_114031000","1.1403.10.00","Serviços de consultoria de engenharia"
"nbs_114032110","1.1403.21.10","Serviços de engenharia de projetos de construção residencial"
"nbs_114032120","1.1403.21.20","Serviços de engenharia de projetos de construção não residencial"
"nbs_114032200","1.1403.22.00","Serviços de engenharia de projetos industriais e de fabricação, exceto para projetos de energia"
"nbs_114032300","1.1403.23.00","Serviços de engenharia para projetos de transportes"
"nbs_114032410","1.1403.24.10","Serviços de engenharia para projetos de exploração de petróleo e gás"
"nbs_114032420","1.1403.24.20","Serviços de engenharia para projetos de refino de petróleo e petroquímica"
"nbs_114032430","1.1403.24.30","Serviços de engenharia para projetos de unidades de produção de biocombustíveis"
"nbs_114032440","1.1403.24.40","Serviços de engenharia para projetos de energia elétrica"
"nbs_114032490","1.1403.24.90","Outros serviços de engenharia para projetos de energia"
"nbs_114032500","1.1403.25.00","Serviços de engenharia de projetos de radiodifusão e televisão"
"nbs_114032600","1.1403.26.00","Serviços de engenharia de projetos de gerenciamento de resíduos (perigosos e não perigosos)"
"nbs_114032700","1.1403.27.00","Serviços de engenharia de projetos de distribuição de água e redes de esgotos"
"nbs_114032800","1.1403.28.00","Serviços de engenharia de projetos de telecomunicação"
"nbs_114032910","1.1403.29.10","Serviços de engenharia de projetos aeroespaciais"
"nbs_114032920","1.1403.29.20","Serviços de engenharia para projetos de embarcações"
"nbs_114032990","1.1403.29.90","Outros serviços de engenharia de projetos"
"nbs_114033000","1.1403.30.00","Serviços de gerenciamento de projetos de construção"
"nbs_114039000","1.1403.90.00","Outros serviços de engenharia"
"nbs_114041100","1.1404.11.00","Serviços de  consultoria geológica e geofísica"
"nbs_114041200","1.1404.12.00","Serviços geofísicos"
"nbs_114041300","1.1404.13.00","Serviços geoquímicos"
"nbs_114041400","1.1404.14.00","Serviços de informações para avaliação e exploração de recursos naturais"
"nbs_114041900","1.1404.19.00","Outros serviços de prospecção"
"nbs_114042100","1.1404.21.00","Serviços topográficos"
"nbs_114042200","1.1404.22.00","Serviços cartográficos"
"nbs_114043000","1.1404.30.00","Serviços meteorológicos e de previsão do tempo"
"nbs_114044100","1.1404.41.00","Serviços de análise e de exames técnicos sobre pureza e composição"
"nbs_114044200","1.1404.42.00","Serviços de análise e de exames técnicos de propriedades físicas"
"nbs_114044300","1.1404.43.00","Serviços de análise e de exames técnicos de sistemas elétricos e mecânicos"
"nbs_114044400","1.1404.44.00","Serviços de inspeção técnica de veículos de transporte rodoviários"
"nbs_114044900","1.1404.49.00","Outros serviços de análise e de exames técnicos"
"nbs_114051010","1.1405.10.10","Serviços hospitalares, com ou sem internação"
"nbs_114051090","1.1405.10.90","Outros serviços veterinários para animais domésticos"
"nbs_114052010","1.1405.20.10","Serviços hospitalares, com ou sem internação"
"nbs_114052090","1.1405.20.90","Outros serviços veterinários para animais de corte"
"nbs_114053000","1.1405.30.00","Serviços funerários, de cremação e de embalsamamento de animais"
"nbs_114059100","1.1405.91.00","Serviços de bancos de órgãos, sangue, sêmen, tecidos, óvulos e outros materiais biológicos"
"nbs_114059200","1.1405.92.00","Serviços de unidades de atendimento, assistência ou tratamento móvel"
"nbs_114059300","1.1405.93.00","Planos de atendimento e assistência médico-veterinária"
"nbs_114059400","1.1405.94.00","Serviços de guarda, tratamento, adestramento, embelezamento e alojamento (hotel veterinário)"
"nbs_114059900","1.1405.99.00","Outros serviços veterinários"
"nbs_114061100","1.1406.11.00","Serviços de campanhas publicitárias"
"nbs_114061200","1.1406.12.00","Serviços de marketing direto e mala direta"
"nbs_114061900","1.1406.19.00","Outros serviços de propaganda"
"nbs_114062000","1.1406.20.00","Aquisição ou venda de espaço ou tempo para propaganda, sob comissão"
"nbs_114063100","1.1406.31.00","Venda de espaço para propaganda em mídia impressa, exceto sob comissão"
"nbs_114063200","1.1406.32.00","Venda de tempo para propaganda em rádio e televisão, exceto sob comissão"
"nbs_114063300","1.1406.33.00","Venda de espaço para propaganda na rede mundial de computadores, exceto sob comissão"
"nbs_114063900","1.1406.39.00","Venda de espaço ou tempo para propaganda em outros meios de comunicação publicitária, exceto sob comissão"
"nbs_114070000","1.1407.00.00","Pesquisas de mercado e serviços de pesquisa de opinião pública"
"nbs_114081100","1.1408.11.00","Serviços fotográficos de retratos"
"nbs_114081200","1.1408.12.00","Serviços fotográficos para propaganda"
"nbs_114081300","1.1408.13.00","Serviços fotográficos e videográficos de eventos"
"nbs_114081400","1.1408.14.00","Serviços fotográficos especiais"
"nbs_114081900","1.1408.19.00","Outros serviços fotográficos e videográficos"
"nbs_114082000","1.1408.20.00","Serviços de processamento de fotografias"
"nbs_114091110","1.1409.11.10","Serviços de projetos (design) de espaços comerciais e públicos"
"nbs_114091190","1.1409.11.90","Outros serviços de projeto (design) de interiores"
"nbs_114091200","1.1409.12.00","Serviços de desenho industrial"
"nbs_114091310","1.1409.13.10","Serviços de projetos (design) de marcas, imagens, objetos gráficos e digitais"
"nbs_114091320","1.1409.13.20","Serviços de projetos (design) de embalagens, expositores de loja e objetos promocionais para comunicação e vendas"
"nbs_114091330","1.1409.13.30","Serviços de projetos de produtos, utensílios, equipamentos, (design) vestuário, calçados, ornamentos, joias e objetos pessoais"
"nbs_114091340","1.1409.13.40","Serviços de projetos de máquinas, equipamentos, acessórios e (design)"
"nbs_114091390","1.1409.13.90","Outros serviços projetos (design) originais"
"nbs_114091900","1.1409.19.00","Outros serviços especializados de projeto (design)"
"nbs_114092100","1.1409.21.00","Serviços de consultoria ambiental"
"nbs_114092900","1.1409.29.00","Outros serviços de consultoria técnica e científica"
"nbs_114093000","1.1409.30.00","Serviços de compilação e coletânea de fatos e informações originais"
"nbs_114094000","1.1409.40.00","Serviços de tradução e de intérpretes"
"nbs_114095000","1.1409.50.00","Serviços para registros de marcas comerciais e de franquias empresariais, exceto as licenças de uso de direito"
"nbs_114099000","1.1409.90.00","Outros serviços profissionais, técnicos e gerenciais não classificados"
"nbs_115011000","1.1501.10.00","Serviços de consultoria em tecnologia da informação (TI)"
"nbs_115012000","1.1501.20.00","Serviços de segurança em tecnologia da informação (TI)"
"nbs_115013000","1.1501.30.00","Serviços de suporte em tecnologia da informação (TI)"
"nbs_115021000","1.1502.10.00","Serviços de projeto, desenvolvimento e instalação de aplicativos e programas não personalizados (não customizados)"
"nbs_115022000","1.1502.20.00","Serviços de projeto e desenvolvimento, adaptação e instalação de aplicativos personalizados (customizados)"
"nbs_115023000","1.1502.30.00","Serviços de projeto e desenvolvimento de estruturas e conteúdo de páginas eletrônicas"
"nbs_115024000","1.1502.40.00","Serviços de projeto e desenvolvimento de estruturas e conteúdo de bancos de dados"
"nbs_115025000","1.1502.50.00","Serviços de integração de sistemas em tecnologia da informação (TI)"
"nbs_115029000","1.1502.90.00","Outros serviços de projeto e desenvolvimento de aplicativos"
"nbs_115030000","1.1503.00.00","Serviços de projeto e desenvolvimento de redes em tecnologia da informação (TI)"
"nbs_115040000","1.1504.00.00","Serviços de projeto e desenvolvimento de topografias de circuitos integrados"
"nbs_115050000","1.1505.00.00","Serviços de projeto de circuitos integrados"
"nbs_115061000","1.1506.10.00","Serviços de hospedagem de sítios na rede mundial de computadores"
"nbs_115062000","1.1506.20.00","Serviços de hospedagem de aplicativos e programas"
"nbs_115069000","1.1506.90.00","Outros serviços de infraestrutura para hospedagem em tecnologia da informação (TI)"
"nbs_115071000","1.1507.10.00","Serviços de gerenciamento de redes"
"nbs_115072000","1.1507.20.00","Serviços de gerenciamento de sistemas computacionais"
"nbs_115079000","1.1507.90.00","Outros serviços de gerenciamento de infraestrutura de tecnologia da informação (TI)"
"nbs_115080000","1.1508.00.00","Serviços de manutenção de aplicativos e programas"
"nbs_115090000","1.1509.00.00","Serviços auxiliares de processamento de dados"
"nbs_115900000","1.1590.00.00","Outros serviços de tecnologia da informação (TI)"
"nbs_117011110","1.1701.11.10","Serviços de chamada de telecomunicações fixos comutados em banda estreita e banda larga Local"
"nbs_117011120","1.1701.11.20","Serviços de chamada de telecomunicações fixos comutados em banda estreita e banda larga Nacional"
"nbs_117011130","1.1701.11.30","Serviços de chamada de telecomunicações fixos comutados em banda estreita e banda larga Internacional"
"nbs_117011210","1.1701.12.10","Serviços de acesso e uso de telecomunicações fixos comutados em banda estreita e banda larga Local"
"nbs_117011220","1.1701.12.20","Serviços de acesso e uso de telecomunicações fixos comutados em banda estreita e banda larga Nacional"
"nbs_117011230","1.1701.12.30","Serviços de acesso e uso de telecomunicações fixos comutados em banda estreita e banda larga Internacional"
"nbs_117011300","1.1701.13.00","Serviços de valor adicionado sobre serviços de telecomunicações fixos"
"nbs_117011400","1.1701.14.00","Serviços de gerência de redes fixas e administração de seus usuários"
"nbs_117011500","1.1701.15.00","Serviços de interconexão pelo uso da rede fixa"
"nbs_117011900","1.1701.19.00","Outros serviços de telecomunicações fixas"
"nbs_117012110","1.1701.21.10","Serviços de chamada de telecomunicações móveis comutados em banda estreita e banda larga local"
"nbs_117012120","1.1701.21.20","Serviços de chamada de telecomunicações móveis comutados em banda estreita e banda larga Nacional"
"nbs_117012130","1.1701.21.30","Serviços de chamada de telecomunicações móveis comutados em banda estreita e banda larga Internacional"
"nbs_117012210","1.1701.22.10","Serviços de acesso e uso de telecomunicações móveis comutado em banda estreita e banda larga Local"
"nbs_117012220","1.1701.22.20","Serviços de acesso e uso de telecomunicações móveis comutado em banda estreita e banda largaNacional"
"nbs_117012230","1.1701.22.30","Serviços de acesso e uso de telecomunicações móveis comutado em banda estreita e banda larga Internacional"
"nbs_117012300","1.1701.23.00","Serviços de valor adicionado sobre serviços de telecomunicações móveis"
"nbs_117012400","1.1701.24.00","Serviços de gerência das redes móveis e administração de seus usuários"
"nbs_117012500","1.1701.25.00","Serviços de interconexão pelo uso de rede móvel"
"nbs_117012610","1.1701.26.10","Serviços de usuário visitante nacional (roaming nacional)"
"nbs_117012620","1.1701.26.20","Serviços de usuário visitante internacional (roaming internacional)"
"nbs_117012700","1.1701.27.00","Serviços nomádicos"
"nbs_117012900","1.1701.29.00","Outros serviços de telecomunicações móveis"
"nbs_117013010","1.1701.30.10","Serviços fixos de redes privativas"
"nbs_117013020","1.1701.30.20","Serviços móveis, nomádicos de uso privativo"
"nbs_117013031","1.1701.30.31","Serviços de interesse restrito de abrangência local"
"nbs_117013032","1.1701.30.32","Serviços de interesse restrito de abrangência nacional"
"nbs_117013033","1.1701.30.33","Serviços de interesse restrito de abrangência internacional"
"nbs_117013040","1.1701.30.40","Serviços de valor adicionado sobre serviços de redes privadas ou de serviços de interesse restrito"
"nbs_117014010","1.1701.40.10","Serviços de transmissão de dados local, nacional ou internacional"
"nbs_117014020","1.1701.40.20","Serviços de exploração de linha dedicada local, nacional ou internacional"
"nbs_117015010","1.1701.50.10","Serviços de distribuição de pacotes básicos de programação de televisão por assinatura"
"nbs_117015020","1.1701.50.20","Serviços de distribuição de grades de programação especiais de televisão por assinatura"
"nbs_117015030","1.1701.50.30","Serviços de distribuição de programação através do sistema “pague e assista” (pay-per-view) de televisão por assinatura"
"nbs_117015090","1.1701.50.90","Outros serviços de distribuição de programação de televisão por assinatura, inclusive os “pacotes combinados”"
"nbs_117019000","1.1701.90.00","Outros serviços de telecomunicações"
"nbs_117021000","1.1702.10.00","Serviços de fornecimento de infraestrutura de acesso (backbone) à rede mundial de computadores"
"nbs_117022100","1.1702.21.00","Serviços de acesso à rede mundial de computadores por conexão discada"
"nbs_117022200","1.1702.22.00","Serviços de acesso à rede mundial de computadores por banda larga"
"nbs_117029000","1.1702.90.00","Outros serviços na rede mundial de computadores"
"nbs_117031000","1.1703.10.00","Serviços de oferta de livros, jornais, periódicos, diretórios e listas de postagem de acesso imediato (on-line)"
"nbs_117032000","1.1703.20.00","Serviços de oferta de áudio, inclusive de conteúdo contínuo (streaming), de acesso imediato (on-line)"
"nbs_117033000","1.1703.30.00","Serviços de oferta de filmes e vídeos, inclusive de conteúdo contínuo (streaming), de acesso imediato (on-line)"
"nbs_117034000","1.1703.40.00","Serviços de oferta de conteúdos que combinem duas ou mais mídias de acesso imediato (on-line)"
"nbs_117035000","1.1703.50.00","Serviços de conteúdo de portais de busca na rede mundial de computadores"
"nbs_117039000","1.1703.90.00","Outros serviços de conteúdos de acesso imediato (on-line)"
"nbs_117041000","1.1704.10.00","Serviços de agências de notícias para jornais e periódicos"
"nbs_117042000","1.1704.20.00","Serviços de agências de notícias em mídia audiovisual"
"nbs_117049000","1.1704.90.00","Outros serviços de agências de notícias"
"nbs_117051000","1.1705.10.00","Serviços de biblioteca"
"nbs_117052000","1.1705.20.00","Serviços de arquivo"
"nbs_117061100","1.1706.11.00","Serviços de difusão de programas originais de rádio"
"nbs_117061210","1.1706.12.10","Serviços de difusão de programas originais para televisão aberta"
"nbs_117061220","1.1706.12.20","Serviços de difusão de programas originais para televisão por assinatura"
"nbs_117062100","1.1706.21.00","Serviços de programação dos canais de rádio"
"nbs_117062200","1.1706.22.00","Serviços de programação dos canais de televisão"
"nbs_117063000","1.1706.30.00","Serviços de distribuição de sinais de rádio e televisão"
"nbs_117064000","1.1706.40.00","Serviços de distribuição de programas de televisão aberta"
"nbs_118011000","1.1801.10.00","Serviços de busca de empregos e encaminhamento de pessoal"
"nbs_118012100","1.1801.21.00","Serviços de fornecimento de mão de obra efetiva"
"nbs_118012200","1.1801.22.00","Serviços de fornecimento de mão de obra temporária"
"nbs_118019000","1.1801.90.00","Outros serviços de recrutamento e seleção de pessoal"
"nbs_118021000","1.1802.10.00","Serviços de investigação"
"nbs_118022000","1.1802.20.00","Serviços de consultoria em segurança"
"nbs_118023000","1.1802.30.00","Serviços de sistemas de segurança"
"nbs_118024000","1.1802.40.00","Serviços de transporte de valores"
"nbs_118025000","1.1802.50.00","Serviços de guarda e escolta armada"
"nbs_118029000","1.1802.90.00","Outros serviços de segurança"
"nbs_118031000","1.1803.10.00","Serviços de desinfecção e extermínio de pragas"
"nbs_118032000","1.1803.20.00","Serviços gerais de limpeza"
"nbs_118033000","1.1803.30.00","Serviços especializados de limpeza"
"nbs_118041100","1.1804.11.00","Serviços de reservas em transportes aéreos"
"nbs_118041900","1.1804.19.00","Outros serviços de planejamento e reserva em transportes"
"nbs_118042100","1.1804.21.00","Serviços de reservas de hospedagem"
"nbs_118042200","1.1804.22.00","Serviços de reservas em cruzeiros"
"nbs_118042300","1.1804.23.00","Serviços de reservas de pacotes turísticos"
"nbs_118043000","1.1804.30.00","Outros serviços de reservas"
"nbs_118044000","1.1804.40.00","Serviços de operadoras de turismo"
"nbs_118045000","1.1804.50.00","Serviços de guias turísticos"
"nbs_118046100","1.1804.61.00","Serviços de promoção turística"
"nbs_118046200","1.1804.62.00","Serviços de informação a visitantes"
"nbs_118051000","1.1805.10.00","Serviços de informação cadastral para fins de crédito"
"nbs_118052000","1.1805.20.00","Serviços de cobrança"
"nbs_118053100","1.1805.31.00","Serviços de telemarketing, incluindo serviços de atendimento ao cliente"
"nbs_118053900","1.1805.39.00","Outros serviços de apoio por meio de telefone"
"nbs_118054000","1.1805.40.00","Serviços combinados de escritório e apoio administrativo"
"nbs_118055100","1.1805.51.00","Serviços de fotocópia"
"nbs_118055200","1.1805.52.00","Serviços de mala direta e elaboração de listas de endereços"
"nbs_118055300","1.1805.53.00","Serviços de preparação de documentos e outros serviços especializados de apoio a escritórios"
"nbs_118056100","1.1805.61.00","Serviços de assistência e organização de convenções"
"nbs_118056200","1.1805.62.00","Serviços de assistência e organização de feiras de negócios"
"nbs_118056300","1.1805.63.00","Serviços de exploração de centros de convenções, escritórios virtuais, estandes de qualquer natureza, auditórios e os demais assemelhados para realização de eventos ou negócios de qualquer natureza"
"nbs_118056900","1.1805.69.00","Outros serviços de assistência e organização de feiras de negócios e convenções"
"nbs_118057000","1.1805.70.00","Serviços de jardinagem"
"nbs_118059011","1.1805.90.11","Serviços de leitura de medidores de eletricidade"
"nbs_118059012","1.1805.90.12","Serviços de leitura de medidores de gás"
"nbs_118059013","1.1805.90.13","Serviços de leitura de medidores de água"
"nbs_118059020","1.1805.90.20","Serviços de agências de modelos"
"nbs_118059030","1.1805.90.30","Serviços de distribuição e venda de bilhetes e demais produtos de loteria, cartões, pules ou cupons de apostas, sorteios, prêmios, inclusive os decorrentes de títulos de capitalização e congêneres."
"nbs_118059090","1.1805.90.90","Outros serviços de apoio"
"nbs_119011000","1.1901.10.00","Serviços de apoio à agricultura"
"nbs_119012000","1.1901.20.00","Serviços de apoio à pecuária"
"nbs_119013000","1.1901.30.00","Serviços de apoio à produção florestal (silvicultura)"
"nbs_119014000","1.1901.40.00","Serviços de apoio à pesca"
"nbs_119015000","1.1901.50.00","Serviços de apoio à aquicultura"
"nbs_119021000","1.1902.10.00","Serviços de apoio à extração de petróleo e gás"
"nbs_119029000","1.1902.90.00","Outros serviços de apoio à mineração"
"nbs_119031100","1.1903.11.00","Serviços de apoio à transmissão de eletricidade"
"nbs_119031200","1.1903.12.00","Serviços de apoio à distribuição de eletricidade"
"nbs_119032000","1.1903.20.00","Serviços de apoio à distribuição de gás por meio de tubulações"
"nbs_119033000","1.1903.30.00","Serviços de apoio à distribuição de água"
"nbs_119034000","1.1903.40.00","Serviços de apoio à distribuição de ar condicionado, água quente e vapor por meio de tubulações"
"nbs_120011000","1.2001.10.00","Serviços de manutenção e reparação de produtos metálicos"
"nbs_120012000","1.2001.20.00","Serviços de manutenção e reparação de computadores e seus periféricos e maquinário de escritório"
"nbs_120013100","1.2001.31.00","Serviços de manutenção e reparação de veículos automotores rodoviários"
"nbs_120013200","1.2001.32.00","Serviços de manutenção e reparação de reboques (trailers), semirreboques (semi-trailers) e outros veículos não motorizados"
"nbs_120013300","1.2001.33.00","Serviços de manutenção e reparação de veículos militares"
"nbs_120013911","1.2001.39.11","Serviços de manutenção e reparação de motores, turborreatores e turbopropulsores aeronáuticos"
"nbs_120013912","1.2001.39.12","Serviços de manutenção e reparação  de foguetes e equipamentos aeroespaciais"
"nbs_120013919","1.2001.39.19","Outros serviços de manutenção e reparação de aeronaves"
"nbs_120013921","1.2001.39.21","Serviços de manutenção e reparação de embarcações militares"
"nbs_120013929","1.2001.39.29","Outros serviços de manutenção e reparação de embarcações"
"nbs_120013930","1.2001.39.30","Serviços de manutenção e reparação de equipamentos ferroviários e metroviários"
"nbs_120013990","1.2001.39.90","Outros serviços de manutenção e reparação de outros equipamentos de transporte"
"nbs_120014000","1.2001.40.00","Serviços de manutenção e reparação de plataformas, inclusive navios-plataforma, para extração de petróleo e gás"
"nbs_120015100","1.2001.51.00","Serviços de manutenção e reparação de aparelhos eletro-eletrônicos domésticos"
"nbs_120015200","1.2001.52.00","Serviços de manutenção e reparação de equipamentos e aparelhos de telecomunicações"
"nbs_120015300","1.2001.53.00","Serviços de manutenção e reparação de instrumentos e equipamentos médico-hospitalares, odontológicos, óticos e de precisão"
"nbs_120015400","1.2001.54.00","Serviços de manutenção e reparação de equipamentos militares"
"nbs_120015910","1.2001.59.10","Serviços de manutenção e reparação de turbinas industriais"
"nbs_120015990","1.2001.59.90","Outros serviços de manutenção e reparação de maquinário e equipamentos"
"nbs_120021000","1.2002.10.00","Serviços de reparação de produtos de couro, calçados, malas e bolsas"
"nbs_120022000","1.2002.20.00","Serviços de reparação de relógios e jóias"
"nbs_120023000","1.2002.30.00","Serviços de reparação de móveis"
"nbs_120029000","1.2002.90.00","Outros serviços de manutenção e reparação de outros bens de consumo"
"nbs_120031000","1.2003.10.00","Serviços de instalação de produtos metálicos"
"nbs_120032100","1.2003.21.00","Serviços de montagem sob encomenda de turbinas industriais"
"nbs_120032900","1.2003.29.00","Outros serviços de instalação de maquinário e equipamentos, industriais"
"nbs_120033000","1.2003.30.00","Serviços de instalação de computadores e seus periféricos e maquinário de escritório"
"nbs_120034000","1.2003.40.00","Serviços de instalação de equipamentos e aparelhos de comunicação, incluindo de rádio e de televisão"
"nbs_120035000","1.2003.50.00","Serviços de instalação de maquinários, equipamentos, instrumentos e aparelhos médico-hospitalares, óticos e de precisão"
"nbs_120036000","1.2003.60.00","Serviços de instalação de sensores e sistemas de armas"
"nbs_120037000","1.2003.70.00","Serviços de instalação de maquinários e equipamentos de emprego militar"
"nbs_120038010","1.2003.80.10","Serviços de montagem sob encomenda de motores, turborreatores e turbopropulsores aeronáuticos"
"nbs_120038090","1.2003.80.90","Outros serviços de instalação de equipamentos de transporte"
"nbs_120039000","1.2003.90.00","Serviços de instalação de maquinários e equipamentos não classificados em outra posição"
"nbs_121011000","1.2101.10.00","Serviços de editoração"
"nbs_121012100","1.2101.21.00","Serviços de impressão"
"nbs_121012200","1.2101.22.00","Serviços relacionados à impressão"
"nbs_121012300","1.2101.23.00","Serviços de reprodução de mídia gravada"
"nbs_121013000","1.2101.30.00","Serviços de apoio aos serviços de reprodução, impressão e editoração"
"nbs_121019000","1.2101.90.00","Outros serviços de reprodução, impressão e editoração"
"nbs_121900000","1.2190.00.00","Outros serviços de publicação"
"nbs_122011100","1.2201.11.00","Serviços de creches ou de entidades equivalentes"
"nbs_122011200","1.2201.12.00","Serviços de pré-escola"
"nbs_122011900","1.2201.19.00","Outros serviços de educação infantil"
"nbs_122012000","1.2201.20.00","Serviços de ensino fundamental"
"nbs_122013000","1.2201.30.00","Serviços de ensino médio"
"nbs_122020000","1.2202.00.00","Serviços de educação técnica de nível médio"
"nbs_122031000","1.2203.10.00","Serviços de alfabetização de jovens e adultos"
"nbs_122032000","1.2203.20.00","Serviços de ensino fundamental de jovens e adultos"
"nbs_122033000","1.2203.30.00","Serviços de ensino médio de jovens e adultos"
"nbs_122041000","1.2204.10.00","Serviços educacionais de graduação"
"nbs_122042000","1.2204.20.00","Serviços educacionais de pós-graduação"
"nbs_122043000","1.2204.30.00","Serviços educacionais de extensão"
"nbs_122044000","1.2204.40.00","Serviços educacionais de cursos sequenciais"
"nbs_122050000","1.2205.00.00","Serviços de educação especial"
"nbs_122901100","1.2290.11.00","Serviços culturais, com enfoque educacional"
"nbs_122901200","1.2290.12.00","Serviços de educação desportiva e recreacional"
"nbs_122901300","1.2290.13.00","Serviços de educação em línguas estrangeiras"
"nbs_122901910","1.2290.19.10","Serviços de palestras e conferências"
"nbs_122901990","1.2290.19.90","Outros serviços de educação e treinamento"
"nbs_122902000","1.2290.20.00","Serviços de apoio aos serviços educacionais"
"nbs_123011100","1.2301.11.00","Serviços cirúrgicos"
"nbs_123011200","1.2301.12.00","Serviços ginecológicos e obstétricos"
"nbs_123011300","1.2301.13.00","Serviços psiquiátricos"
"nbs_123011400","1.2301.14.00","Serviços cardiológicos"
"nbs_123011500","1.2301.15.00","Serviços oncológicos"
"nbs_123011600","1.2301.16.00","Serviços aos recém-nascidos"
"nbs_123011700","1.2301.17.00","Serviços de ambulâncias, exceto aquelas sem envolver atendimento médico ao paciente e destinadas exclusivamente à remoção de enfermos"
"nbs_123011800","1.2301.18.00","Serviços prestados em unidades de terapia intensiva"
"nbs_123011910","1.2301.19.10","Serviços de atendimento de urgência"
"nbs_123011920","1.2301.19.20","Serviços conexos à saúde pública"
"nbs_123011990","1.2301.19.90","Outros serviços hospitalares"
"nbs_123012100","1.2301.21.00","Serviços de clínica médica"
"nbs_123012200","1.2301.22.00","Serviços médicos especializados"
"nbs_123012300","1.2301.23.00","Serviços odontológicos"
"nbs_123019100","1.2301.91.00","Serviços de enfermagem"
"nbs_123019200","1.2301.92.00","Serviços fisioterapêuticos"
"nbs_123019300","1.2301.93.00","Serviços laboratoriais"
"nbs_123019400","1.2301.94.00","Serviços de diagnóstico por imagem"
"nbs_123019500","1.2301.95.00","Serviços de bancos de órgãos, esperma e sangue"
"nbs_123019600","1.2301.96.00","Serviços de bancos de leite, tecidos, olhos, ossos, óvulos e outros materiais biológicos"
"nbs_123019900","1.2301.99.00","Outros serviços de saúde humana, exceto os serviços hospitalares"
"nbs_123021000","1.2302.10.00","Serviços de consultoria em saúde"
"nbs_123029000","1.2302.90.00","Outros serviços de gestão hospitalar"
"nbs_123030000","1.2303.00.00","Serviços domiciliares de apoio a idosos, crianças, adolescentes, pessoas com transtornos mentais e com deficiências"
"nbs_123040000","1.2304.00.00","Serviços de apoio a idosos, crianças, adolescentes, pessoas com transtornos mentais e com deficiências, exceto domiciliar"
"nbs_123051100","1.2305.11.00","Serviços de atenção integral à família"
"nbs_123051200","1.2305.12.00","Serviços de convivência para crianças, adolescentes, jovens e idosos"
"nbs_123051300","1.2305.13.00","Serviços de apoio à autonomia e à convivência familiar e comunitária"
"nbs_123051900","1.2305.19.00","Outros serviços de proteção social básica"
"nbs_123052100","1.2305.21.00","Serviços de acolhida para adultos e idosos em albergues, abrigos ou moradias provisórias"
"nbs_123052200","1.2305.22.00","Serviços de acolhida para crianças e adolescentes em repúblicas, casas de acolhida, abrigos ou com “família acolhedora”"
"nbs_123052300","1.2305.23.00","Serviços especiais de referência para pessoas com necessidades especiais, em situação de abandono, vítimas de negligência, abusos e formas de violência"
"nbs_123052400","1.2305.24.00","Serviços de apoio a situações de risco circunstanciais em decorrência de calamidades públicas e emergenciais"
"nbs_123052500","1.2305.25.00","Serviços especiais de referência para adolescentes em cumprimento de medida socioeducativa de liberdade assistida e de prestação de serviços aà comunidade"
"nbs_123052910","1.2305.29.10","Serviços de reabilitação vocacional"
"nbs_123052990","1.2305.29.90","Outros serviços de assistência social"
"nbs_123060000","1.2306.00.00","Serviços de planos privados de assistência à saúde"
"nbs_124010000","1.2401.00.00","Serviços de tratamento de água"
"nbs_124021000","1.2402.10.00","Serviços de esgoto e tratamento de esgotos"
"nbs_124022000","1.2402.20.00","Serviços de esvaziamento e limpeza de fossas sépticas"
"nbs_124031000","1.2403.10.00","Serviços de coleta de resíduos sólidos perigosos, exceto de serviços de saúde"
"nbs_124032000","1.2403.20.00","Serviços de coleta de resíduos de serviços de saúde"
"nbs_124033100","1.2403.31.00","Serviços de coleta de resíduos sólidos de origem doméstica, comercial e de varrição"
"nbs_124033200","1.2403.32.00","Serviços de coleta de resíduos sólidos de origem industrial"
"nbs_124033300","1.2403.33.00","Serviços de coleta de resíduos sólidos recicláveis"
"nbs_124033900","1.2403.39.00","Serviços de coleta de outros resíduos sólidos não perigosos, inertes ou não inertes"
"nbs_124034000","1.2403.40.00","Serviços de coleta de resíduos líquidos"
"nbs_124039000","1.2403.90.00","Outros serviços de coleta de resíduos"
"nbs_124041000","1.2404.10.00","Serviços de triagem, preparação, consolidação, estocagem e outros tratamentos e disposição de resíduos sólidos perigosos, exceto os resíduos de serviços de saúde"
"nbs_124042000","1.2404.20.00","Serviços de triagem, preparação, consolidação, estocagem e outros tratamentos e disposição de resíduos de serviços de saúde"
"nbs_124043100","1.2404.31.00","Serviços de triagem, preparação, consolidação, estocagem e outros tratamentos e disposição de resíduos de origem doméstica, comercial e de varrição"
"nbs_124043200","1.2404.32.00","Serviços de triagem, preparação, consolidação, estocagem e outros tratamentos e disposição de resíduos sólidos de origem industrial"
"nbs_124043300","1.2404.33.00","Serviços de triagem, preparação, consolidação, estocagem e outros tratamentos e disposição de resíduos sólidos recicláveis"
"nbs_124043900","1.2404.39.00","Serviços de triagem, preparação, consolidação, estocagem e outros tratamentos e disposição de outros resíduos sólidos não perigosos, inertes ou não inertes"
"nbs_124044000","1.2404.40.00","Serviços de triagem, preparação, consolidação, estocagem e outros tratamentos e disposição de resíduos líquidos"
"nbs_124049000","1.2404.90.00","Outros serviços de triagem, preparação, consolidação, estocagem e outros tratamentos e disposição de resíduos"
"nbs_124051000","1.2405.10.00","Serviços de varrição e limpeza de ruas e outros locais públicos"
"nbs_124059000","1.2405.90.00","Outros serviços de saneamento"
"nbs_124061000","1.2406.10.00","Serviços ambientais relacionados à água"
"nbs_124062000","1.2406.20.00","Serviços ambientais relacionados ao solo"
"nbs_124063000","1.2406.30.00","Serviços ambientais relacionados ao ar"
"nbs_124069000","1.2406.90.00","Outros serviços ambientais"
"nbs_124071100","1.2407.11.00","Serviços de remediação do ar"
"nbs_124071200","1.2407.12.00","Serviços de remediação de águas de superfície"
"nbs_124071300","1.2407.13.00","Serviços de remediação do solo e águas subterrâneas"
"nbs_124071400","1.2407.14.00","Serviços de remediação em edificações"
"nbs_124072000","1.2407.20.00","Serviços de contenção de contaminantes"
"nbs_124079000","1.2407.90.00","Outros serviços de remediação"
"nbs_125011100","1.2501.11.00","Serviços de gravação de som em estúdio"
"nbs_125011200","1.2501.12.00","Serviços de gravação de som ao vivo"
"nbs_125012100","1.2501.21.00","Serviços de produção de programas de televisão, videoteipes e filmes"
"nbs_125012200","1.2501.22.00","Serviços de produção de programas de rádio"
"nbs_125013100","1.2501.31.00","Serviços de edição de obras audiovisuais"
"nbs_125013200","1.2501.32.00","Serviços de duplicação e transferência de obras audiovisuais"
"nbs_125013300","1.2501.33.00","Serviços de correção de cor e restauração digital de obras audiovisuais"
"nbs_125013400","1.2501.34.00","Serviços de efeitos visuais em obras audiovisuais"
"nbs_125013500","1.2501.35.00","Serviços de animação"
"nbs_125013600","1.2501.36.00","Serviços de legendas, títulos e dublagem em obras audiovisuais"
"nbs_125013700","1.2501.37.00","Serviços de projeto e edição de som em obras audiovisuais"
"nbs_125013900","1.2501.39.00","Outros serviços de pós-produção em obras audiovisuais"
"nbs_125014000","1.2501.40.00","Serviços de agenciamento pela comercialização de obras audiovisuais"
"nbs_125015000","1.2501.50.00","Serviços de projeção de filmes"
"nbs_125019000","1.2501.90.00","Outros serviços de produção audiovisual, de apoio e relacionados"
"nbs_125021000","1.2502.10.00","Serviços de organização e promoção de atuações artísticas ao vivo"
"nbs_125022000","1.2502.20.00","Serviços de produção e apresentação de atuações artísticas ao vivo"
"nbs_125023000","1.2502.30.00","Serviços de apoio para atuações artísticas ao vivo"
"nbs_125029000","1.2502.90.00","Outros serviços de entretenimento artístico ao vivo"
"nbs_125031000","1.2503.10.00","Serviços de atuação artística"
"nbs_125032000","1.2503.20.00","Serviços de autores, compositores, escultores, pintores e outros artistas, exceto os de atuação artística "
"nbs_125041100","1.2504.11.00","Serviços de museus"
"nbs_125041200","1.2504.12.00","Serviços de preservação e operação de locais e construções históricas"
"nbs_125042100","1.2504.21.00","Serviços de jardins botânico e zoológico"
"nbs_125042200","1.2504.22.00","Serviços de reserva natural, incluindo preservação de vida selvagem"
"nbs_125051100","1.2505.11.00","Serviços de organização e promoção de eventos desportivos e recreacionais desportivos"
"nbs_125051200","1.2505.12.00","Serviços de clubes desportivos"
"nbs_125059000","1.2505.90.00","Outros serviços de desportes e de recreação desportiva"
"nbs_125060000","1.2506.00.00","Serviços fornecidos por atletas e desportistas, por conta própria, e serviços de apoio relacionados com desportes e recreação desportiva"
"nbs_125071000","1.2507.10.00","Serviços de parques temáticos de diversão"
"nbs_125079000","1.2507.90.00","Outros serviços de parques de diversão e atrações similares"
"nbs_125900000","1.2590.00.00","Outros serviços recreativos, culturais e desportivos"
"nbs_126011000","1.2601.10.00","Serviços de limpeza de têxteis, exceto quando realizados a seco"
"nbs_126012000","1.2601.20.00","Serviços de limpeza a seco"
"nbs_126013000","1.2601.30.00","Serviços de tinturaria"
"nbs_126019000","1.2601.90.00","Outros serviços de lavanderia"
"nbs_126021000","1.2602.10.00","Serviços de cabeleireiros e barbeiros"
"nbs_126022000","1.2602.20.00","Serviços de manicure, pedicure e tratamento cosmético"
"nbs_126023000","1.2602.30.00","Serviços de bem-estar físico"
"nbs_126029000","1.2602.90.00","Outros tratamentos de beleza e bem-estar físico"
"nbs_126030000","1.2603.00.00","Serviços funerários, de cremação e de embalsamamento"
"nbs_126900000","1.2690.00.00","Outros serviços pessoais"
"nbs_127011000","1.2701.10.00","Cessão de direitos de obras literárias"
"nbs_127012000","1.2701.20.00","Cessão de direitos sobre programas de computador"
"nbs_127013100","1.2701.31.00","Cessão de direitos de obras cinematográficas"
"nbs_127013200","1.2701.32.00","Cessão de direitos de obras jornalísticas"
"nbs_127013300","1.2701.33.00","Cessão de direitos de obras publicitárias"
"nbs_127013900","1.2701.39.00","Cessão de direitos de outras obras audiovisuais"
"nbs_127014000","1.2701.40.00","Cessão de direitos de obras musicais e outros fonogramas"
"nbs_127015000","1.2701.50.00","Cessão de direitos relacionados à radiodifusão"
"nbs_127019000","1.2701.90.00","Cessão de outros direitos de autor e outros direitos conexos"
"nbs_127021000","1.2702.10.00","Cessão de direitos sobre patentes"
"nbs_127022000","1.2702.20.00","Cessão de direitos sobre marcas"
"nbs_127023000","1.2702.30.00","Cessão de direitos sobre desenho industrial"
"nbs_127029000","1.2702.90.00","Cessão de outros direitos sobre a propriedade"
"nbs_127030000","1.2703.00.00","Cessão de direitos sobre cultivares"
"nbs_127040000","1.2704.00.00","Cessão de direitos sobre topografias de circuitos integrados"
"nbs_127900000","1.2790.00.00","Cessão de outros direitos de propriedade intelectual não classificados  posições anteriores"
