"id","name","tax_base_type","percent_amount","percent_reduction","tax_group_id:id","cst_in_id:id","cst_out_id:id","value_amount","currency_id:id","uot_id:id","percent_debit_credit","icms_base_type","icmsst_base_type","icmsst_mva_percent","icmsst_value"
"tax_cofins_0","COFINS 0%","percent","0.00","0.00","tax_group_cofins","cst_cofins_73","cst_cofins_06",,,,,"0","4",,
"tax_cofins_3","COFINS 3%","percent","3.00","0.00","tax_group_cofins","cst_cofins_50","cst_cofins_01",,,,,"0","4",,
"tax_cofins_7_6","COFINS 7,6%","percent","7.60","0.00","tax_group_cofins","cst_cofins_50","cst_cofins_01",,,,,"0","4",,
"tax_cofins_aliqdif_0_cred_0","COFINS Aliq. Dif 0% Crédito 0%","percent","0.00","0.00","tax_group_cofins","cst_cofins_02","cst_cofins_98",,,,"0.0","0","4",,
"tax_cofins_aliqdif_0_cred_0_82","COFINS Aliq. Dif 0% Crédito 0,82%","percent","0.82","0.00","tax_group_cofins","cst_cofins_02","cst_cofins_98",,,,"0.0","0","4",,
"tax_cofins_aliqdif_0_cred_10_15","COFINS Aliq. Dif 0% Crédito 10,15%","percent","10.15","0.00","tax_group_cofins","cst_cofins_02","cst_cofins_98",,,,"0.0","0","4",,
"tax_cofins_aliqdif_0_cred_15_26","COFINS Aliq. Dif 0% Crédito 15,26%","percent","15.26","0.00","tax_group_cofins","cst_cofins_02","cst_cofins_98",,,,"0.0","0","4",,
"tax_cofins_aliqdif_0_cred_17_23","COFINS Aliq. Dif 0% Crédito 17,23%","percent","17.23","0.00","tax_group_cofins","cst_cofins_02","cst_cofins_98",,,,"0.0","0","4",,
"tax_cofins_aliqdif_0_cred_1_6","COFINS Aliq. Dif 0% Crédito 1,60%","percent","1.60","0.00","tax_group_cofins","cst_cofins_02","cst_cofins_98",,,,"0.0","0","4",,
"tax_cofins_aliqdif_0_cred_2_46","COFINS Aliq. Dif 0% Crédito 2,46%","percent","2.46","0.00","tax_group_cofins","cst_cofins_02","cst_cofins_98",,,,"0.0","0","4",,
"tax_cofins_aliqdif_0_cred_3","COFINS Aliq. Dif 0% Crédito 3%","percent","3.00","0.00","tax_group_cofins","cst_cofins_02","cst_cofins_98",,,,"0.0","0","4",,
"tax_cofins_aliqdif_0_cred_5_02","COFINS Aliq. Dif 0% Crédito 5,02%","percent","5.02","0.00","tax_group_cofins","cst_cofins_02","cst_cofins_98",,,,"0.0","0","4",,
"tax_cofins_aliqdif_0_cred_5_46","COFINS Aliq. Dif 0% Crédito 5,46%","percent","5.46","0.00","tax_group_cofins","cst_cofins_02","cst_cofins_98",,,,"0.0","0","4",,
"tax_cofins_aliqdif_0_cred_5_6","COFINS Aliq. Dif 0% Crédito 5,60%","percent","5.60","0.00","tax_group_cofins","cst_cofins_02","cst_cofins_98",,,,"0.0","0","4",,
"tax_cofins_aliqdif_0_cred_5_7","COFINS Aliq. Dif 0% Crédito 5,70%","percent","5.70","0.00","tax_group_cofins","cst_cofins_02","cst_cofins_98",,,,"0.0","0","4",,
"tax_cofins_aliqdif_0_cred_5_81","COFINS Aliq. Dif 0% Crédito 5,81%","percent","5.81","0.00","tax_group_cofins","cst_cofins_02","cst_cofins_98",,,,"0.0","0","4",,
"tax_cofins_aliqdif_0_cred_6","COFINS Aliq. Dif 0% Crédito 6%","percent","6.00","0.00","tax_group_cofins","cst_cofins_02","cst_cofins_98",,,,"0.0","0","4",,
"tax_cofins_aliqdif_0_cred_6_15","COFINS Aliq. Dif 0% Crédito 6,15%","percent","6.15","0.00","tax_group_cofins","cst_cofins_02","cst_cofins_98",,,,"0.0","0","4",,
"tax_cofins_aliqdif_0_cred_6_53","COFINS Aliq. Dif 0% Crédito 6,53%","percent","6.53","0.00","tax_group_cofins","cst_cofins_02","cst_cofins_98",,,,"0.0","0","4",,
"tax_cofins_aliqdif_0_cred_6_83","COFINS Aliq. Dif 0% Crédito 6,83%","percent","6.83","0.00","tax_group_cofins","cst_cofins_02","cst_cofins_98",,,,"0.0","0","4",,
"tax_cofins_aliqdif_0_cred_6_92","COFINS Aliq. Dif 0% Crédito 6,92%","percent","6.92","0.00","tax_group_cofins","cst_cofins_02","cst_cofins_98",,,,"0.0","0","4",,
"tax_cofins_aliqdif_0_cred_7_26","COFINS Aliq. Dif 0% Crédito 7,26%","percent","7.26","0.00","tax_group_cofins","cst_cofins_02","cst_cofins_98",,,,"0.0","0","4",,
"tax_cofins_aliqdif_0_cred_7_30","COFINS Aliq. Dif 0% Crédito 7,30%","percent","7.30","0.00","tax_group_cofins","cst_cofins_02","cst_cofins_98",,,,"0.0","0","4",,
"tax_cofins_aliqdif_0_cred_7_69","COFINS Aliq. Dif 0% Crédito 7,69%","percent","7.69","0.00","tax_group_cofins","cst_cofins_02","cst_cofins_98",,,,"0.0","0","4",,
"tax_cofins_aliqdif_0_cred_8_11","COFINS Aliq. Dif 0% Crédito 8,11%","percent","8.11","0.00","tax_group_cofins","cst_cofins_02","cst_cofins_98",,,,"0.0","0","4",,
"tax_cofins_aliqdif_0_cred_8_54","COFINS Aliq. Dif 0% Crédito 8,54%","percent","8.54","0.00","tax_group_cofins","cst_cofins_02","cst_cofins_98",,,,"0.0","0","4",,
"tax_cofins_aliqdif_0_cred_8_65","COFINS Aliq. Dif 0% Crédito 8,65%","percent","8.65","0.00","tax_group_cofins","cst_cofins_02","cst_cofins_98",,,,"0.0","0","4",,
"tax_cofins_aliqdif_0_cred_9_08","COFINS Aliq. Dif 0% Crédito 9,08%","percent","9.08","0.00","tax_group_cofins","cst_cofins_02","cst_cofins_98",,,,"0.0","0","4",,
"tax_cofins_aliqdif_0_cred_9_13","COFINS Aliq. Dif 0% Crédito 9,13%","percent","9.13","0.00","tax_group_cofins","cst_cofins_02","cst_cofins_98",,,,"0.0","0","4",,
"tax_cofins_aliqdif_0_cred_9_61","COFINS Aliq. Dif 0% Crédito 9,61%","percent","9.61","0.00","tax_group_cofins","cst_cofins_02","cst_cofins_98",,,,"0.0","0","4",,
"tax_cofins_aliqdif_12_35_cred_12_35","COFINS Aliq. Dif 12,35% Crédito 12,35%","percent","12.35","0.00","tax_group_cofins","cst_cofins_02","cst_cofins_98",,,,"12.35","0","4",,
"tax_cofins_aliqdif_12_57_cred_12_57","COFINS Aliq. Dif 12,57% Crédito 12,57%","percent","12.57","0.00","tax_group_cofins","cst_cofins_02","cst_cofins_98",,,,"12.57","0","4",,
"tax_cofins_aliqdif_13_03_cred_13_03","COFINS Aliq. Dif 13,03% Crédito 13,03%","percent","13.03","0.00","tax_group_cofins","cst_cofins_02","cst_cofins_98",,,,"13.03","0","4",,
"tax_cofins_aliqdif_14_37_cred_14_37","COFINS Aliq. Dif 14,37% Crédito 14,37%","percent","14.37","0.00","tax_group_cofins","cst_cofins_02","cst_cofins_98",,,,"14.37","0","4",,
"tax_cofins_aliqdif_16_48_cred_16_48","COFINS Aliq. Dif 16,48% Crédito 16,48%","percent","16.48","0.00","tax_group_cofins","cst_cofins_02","cst_cofins_98",,,,"16.48","0","4",,
"tax_cofins_aliqdif_3_2_cred_3_2","COFINS Aliq. Dif 3,20% Crédito 3,20%","percent","3.20","0.00","tax_group_cofins","cst_cofins_02","cst_cofins_98",,,,"3.2","0","4",,
"tax_cofins_aliqdif_3_cred_3","COFINS Aliq. Dif 3% Crédito 3%","percent","3.00","0.00","tax_group_cofins","cst_cofins_02","cst_cofins_98",,,,"3.0","0","4",,
"tax_cofins_aliqdif_3_cred_4_6","COFINS Aliq. Dif 3% Crédito 4,60%","percent","4.60","0.00","tax_group_cofins","cst_cofins_02","cst_cofins_98",,,,"3.0","0","4",,
"tax_cofins_aliqdif_4_0_cred_0","COFINS Aliq. Dif 4,00% Crédito 0%","percent","0.00","0.00","tax_group_cofins","cst_cofins_02","cst_cofins_98",,,,"4.0","0","4",,
"tax_cofins_aliqdif_6_cred_0","COFINS Aliq. Dif 6% Crédito 0%","percent","0.00","0.00","tax_group_cofins","cst_cofins_02","cst_cofins_98",,,,"6.0","0","4",,
"tax_cofins_aliqdif_6_cred_3","COFINS Aliq. Dif 6% Crédito 3%","percent","3.00","0.00","tax_group_cofins","cst_cofins_02","cst_cofins_98",,,,"6.0","0","4",,
"tax_cofins_aliqdif_6_cred_7_6","COFINS Aliq. Dif 6% Crédito 7,60%","percent","7.60","0.00","tax_group_cofins","cst_cofins_02","cst_cofins_98",,,,"6.0","0","4",,
"tax_cofins_aliqdif_7_6_cred_0","COFINS Aliq. Dif 7,60% Crédito 0%","percent","0.00","0.00","tax_group_cofins","cst_cofins_02","cst_cofins_98",,,,"7.6","0","4",,
"tax_cofins_aliqdif_9_65_cred_9_65","COFINS Aliq. Dif 9,65% Crédito 9,65%","percent","9.65","0.00","tax_group_cofins","cst_cofins_02","cst_cofins_98",,,,"9.65","0","4",,
"tax_cofins_isento","COFINS Isento","percent","0.00","0.00","tax_group_cofins","cst_cofins_71","cst_cofins_07",,,,,"0","4",,
"tax_cofins_monofasico_0","COFINS Monofásico 0%","percent","0.00","0.00","tax_group_cofins","cst_cofins_70","cst_cofins_04",,,,,"0","4",,
"tax_cofins_monofasico_10_30","COFINS Monofásico 10,30%","percent","10.30","0.00","tax_group_cofins","cst_cofins_70","cst_cofins_02",,,,,"0","4",,
"tax_cofins_monofasico_10_68","COFINS Monofásico 10,68%","percent","10.68","0.00","tax_group_cofins","cst_cofins_70","cst_cofins_02",,,,,"0","4",,
"tax_cofins_monofasico_10_80","COFINS Monofásico 10,80%","percent","10.80","0.00","tax_group_cofins","cst_cofins_70","cst_cofins_02",,,,,"0","4",,
"tax_cofins_monofasico_17_25","COFINS Monofásico 17,25%","percent","17.25","0.00","tax_group_cofins","cst_cofins_70","cst_cofins_02",,,,,"0","4",,
"tax_cofins_monofasico_19_42","COFINS Monofásico 19,42%","percent","19.42","0.00","tax_group_cofins","cst_cofins_70","cst_cofins_02",,,,,"0","4",,
"tax_cofins_monofasico_23_20","COFINS Monofásico 23,20%","percent","23.20","0.00","tax_group_cofins","cst_cofins_70","cst_cofins_02",,,,,"0","4",,
"tax_cofins_monofasico_23_44","COFINS Monofásico 23,44%","percent","23.44","0.00","tax_group_cofins","cst_cofins_70","cst_cofins_02",,,,,"0","4",,
"tax_cofins_monofasico_28_32","COFINS Monofásico 28,32%","percent","28.32","0.00","tax_group_cofins","cst_cofins_70","cst_cofins_02",,,,,"0","4",,
"tax_cofins_monofasico_47_40","COFINS Monofásico 47,40%","percent","47.40","0.00","tax_group_cofins","cst_cofins_70","cst_cofins_02",,,,,"0","4",,
"tax_cofins_monofasico_4_60","COFINS Monofásico 4,6%","percent","4.60","0.00","tax_group_cofins","cst_cofins_70","cst_cofins_02",,,,,"0","4",,
"tax_cofins_monofasico_6_83","COFINS Monofásico 6,83%","percent","6.83","0.00","tax_group_cofins","cst_cofins_70","cst_cofins_02",,,,,"0","4",,
"tax_cofins_monofasico_6_90","COFINS Monofásico 6,90%","percent","6.90","0.00","tax_group_cofins","cst_cofins_70","cst_cofins_02",,,,,"0","4",,
"tax_cofins_monofasico_7_60","COFINS Monofásico 7,60%","percent","7.60","0.00","tax_group_cofins","cst_cofins_70","cst_cofins_02",,,,,"0","4",,
"tax_cofins_monofasico_7_69","COFINS Monofásico 7,69%","percent","7.69","0.00","tax_group_cofins","cst_cofins_70","cst_cofins_02",,,,,"0","4",,
"tax_cofins_monofasico_8_54","COFINS Monofásico 8,54%","percent","8.54","0.00","tax_group_cofins","cst_cofins_70","cst_cofins_02",,,,,"0","4",,
"tax_cofins_monofasico_9_50","COFINS Monofásico 9,50%","percent","9.50","0.00","tax_group_cofins","cst_cofins_70","cst_cofins_02",,,,,"0","4",,
"tax_cofins_monofasico_9_60","COFINS Monofásico 9,60%","percent","9.60","0.00","tax_group_cofins","cst_cofins_70","cst_cofins_02",,,,,"0","4",,
"tax_cofins_monofasico_9_61","COFINS Monofásico 9,61%","percent","9.61","0.00","tax_group_cofins","cst_cofins_70","cst_cofins_02",,,,,"0","4",,
"tax_cofins_monofasico_9_90","COFINS Monofásico 9,90%","percent","9.90","0.00","tax_group_cofins","cst_cofins_70","cst_cofins_02",,,,,"0","4",,
"tax_cofins_outros","COFINS Outros","percent","0.00","0.00","tax_group_cofins","cst_cofins_98","cst_cofins_49",,,,,"0","4",,
"tax_cofins_seminc","COFINS Sem Incidência","percent","0.00","0.00","tax_group_cofins","cst_cofins_74","cst_cofins_08",,,,,"0","4",,
"tax_cofins_st_3","COFINS ST 3,00%","percent","3.00","0.00","tax_group_cofinsst","cst_cofins_75","cst_cofins_05",,,,,"0","4",,
"tax_cofins_st_39_43","COFINS ST 39,43%","percent","39.43","0.00","tax_group_cofinsst","cst_cofins_75","cst_cofins_05",,,,,"0","4",,
"tax_cofins_st_98_57","COFINS ST 98,57%","percent","98.57","0.00","tax_group_cofinsst","cst_cofins_75","cst_cofins_05",,,,,"0","4",,
"tax_cofins_susp","COFINS Com Suspensão","percent","0.00","0.00","tax_group_cofins","cst_cofins_72","cst_cofins_09",,,,,"0","4",,
"tax_cofins_value_0_0563","COFINS Monofásico R$ 0,0563 por Litro","quantity","0.00","0.00","tax_group_cofins","cst_cofins_70","cst_cofins_03","0.0563","base.BRL","uom.product_uom_litre",,"0","4",,
"tax_cofins_value_0_0578","COFINS Monofásico R$ 0,0578 por Litro","quantity","0.00","0.00","tax_group_cofins","cst_cofins_70","cst_cofins_03","0.0578","base.BRL","uom.product_uom_litre",,"0","4",,
"tax_cofins_value_0_0801","COFINS Monofásico R$ 0,0801 por Litro","quantity","0.00","0.00","tax_group_cofins","cst_cofins_70","cst_cofins_03","0.0801","base.BRL","uom.product_uom_litre",,"0","4",,
"tax_cofins_value_0_0815","COFINS Monofásico R$ 0,0815 por Litro","quantity","0.00","0.00","tax_group_cofins","cst_cofins_70","cst_cofins_03","0.0815","base.BRL","uom.product_uom_litre",,"0","4",,
"tax_cofins_value_0_0854","COFINS Monofásico R$ 0,0854 por Litro","quantity","0.00","0.00","tax_group_cofins","cst_cofins_70","cst_cofins_03","0.0854","base.BRL","uom.product_uom_litre",,"0","4",,
"tax_cofins_value_0_0972","COFINS Monofásico R$ 0,0972 por Litro","quantity","0.00","0.00","tax_group_cofins","cst_cofins_70","cst_cofins_03","0.0972","base.BRL","uom.product_uom_litre",,"0","4",,
"tax_cofins_value_0_1026","COFINS Monofásico R$ 0,1026 por Litro","quantity","0.00","0.00","tax_group_cofins","cst_cofins_70","cst_cofins_03","0.1026","base.BRL","uom.product_uom_litre",,"0","4",,
"tax_cofins_value_0_1041","COFINS Monofásico R$ 0,1041 por Litro","quantity","0.00","0.00","tax_group_cofins","cst_cofins_70","cst_cofins_03","0.1041","base.BRL","uom.product_uom_litre",,"0","4",,
"tax_cofins_value_0_112","COFINS Monofásico R$ 0,112 por Litro","quantity","0.00","0.00","tax_group_cofins","cst_cofins_70","cst_cofins_03","0.112","base.BRL","uom.product_uom_litre",,"0","4",,
"tax_cofins_value_0_1164","COFINS Monofásico R$ 0,1164 por Litro","quantity","0.00","0.00","tax_group_cofins","cst_cofins_70","cst_cofins_03","0.1164","base.BRL","uom.product_uom_litre",,"0","4",,
"tax_cofins_value_0_1346","COFINS Monofásico R$ 0,1346 por Litro","quantity","0.00","0.00","tax_group_cofins","cst_cofins_70","cst_cofins_03","0.1346","base.BRL","uom.product_uom_litre",,"0","4",,
"tax_cofins_value_0_1555","COFINS Monofásico R$ 0,1555 por Litro","quantity","0.00","0.00","tax_group_cofins","cst_cofins_70","cst_cofins_03","0.1555","base.BRL","uom.product_uom_litre",,"0","4",,
"tax_cofins_value_0_157","COFINS Monofásico R$ 0,157 por Litro","quantity","0.00","0.00","tax_group_cofins","cst_cofins_70","cst_cofins_03","0.157","base.BRL","uom.product_uom_litre",,"0","4",,
"tax_cofins_value_0_1602","COFINS Monofásico R$ 0,1602 por Litro","quantity","0.00","0.00","tax_group_cofins","cst_cofins_70","cst_cofins_03","0.1602","base.BRL","uom.product_uom_litre",,"0","4",,
"tax_cofins_value_0_1709","COFINS Monofásico R$ 0,1709 por Litro","quantity","0.00","0.00","tax_group_cofins","cst_cofins_70","cst_cofins_03","0.1709","base.BRL","uom.product_uom_litre",,"0","4",,
"tax_cofins_value_0_2093","COFINS Monofásico R$ 0,2093 por Litro","quantity","0.00","0.00","tax_group_cofins","cst_cofins_70","cst_cofins_03","0.2093","base.BRL","uom.product_uom_litre",,"0","4",,
"tax_cofins_value_0_2136","COFINS Monofásico R$ 0,2136 por Litro","quantity","0.00","0.00","tax_group_cofins","cst_cofins_70","cst_cofins_03","0.2136","base.BRL","uom.product_uom_litre",,"0","4",,
"tax_cofins_value_0_2318","COFINS Monofásico R$ 0,2318 por Litro","quantity","0.00","0.00","tax_group_cofins","cst_cofins_70","cst_cofins_03","0.2318","base.BRL","uom.product_uom_litre",,"0","4",,
"tax_cofins_value_0_2467","COFINS Monofásico R$ 0,2467 por Litro","quantity","0.00","0.00","tax_group_cofins","cst_cofins_70","cst_cofins_03","0.2467","base.BRL","uom.product_uom_litre",,"0","4",,
"tax_cofins_value_0_2617","COFINS Monofásico R$ 0,2617 por Litro","quantity","0.00","0.00","tax_group_cofins","cst_cofins_70","cst_cofins_03","0.2617","base.BRL","uom.product_uom_litre",,"0","4",,
"tax_cofins_value_0_299","COFINS Monofásico R$ 0,299 por Litro","quantity","0.00","0.00","tax_group_cofins","cst_cofins_70","cst_cofins_03","0.299","base.BRL","uom.product_uom_litre",,"0","4",,
"tax_cofins_value_0_3289","COFINS Monofásico R$ 0,3289 por Litro","quantity","0.00","0.00","tax_group_cofins","cst_cofins_70","cst_cofins_03","0.3289","base.BRL","uom.product_uom_litre",,"0","4",,
"tax_cofins_value_0_3514","COFINS Monofásico R$ 0,3514 por Litro","quantity","0.00","0.00","tax_group_cofins","cst_cofins_70","cst_cofins_03","0.3514","base.BRL","uom.product_uom_litre",,"0","4",,
"tax_cofins_value_0_4187","COFINS Monofásico R$ 0,4187 por Litro","quantity","0.00","0.00","tax_group_cofins","cst_cofins_70","cst_cofins_03","0.4187","base.BRL","uom.product_uom_litre",,"0","4",,
"tax_cofins_value_0_5084","COFINS Monofásico R$ 0,5084 por Litro","quantity","0.00","0.00","tax_group_cofins","cst_cofins_70","cst_cofins_03","0.5084","base.BRL","uom.product_uom_litre",,"0","4",,
"tax_cofins_value_103_51","COFINS Monofásico R$ 103,51 por Metro Cúbico","quantity","0.00","0.00","tax_group_cofins","cst_cofins_70","cst_cofins_03","103.51","base.BRL","l10n_br_fiscal.UOM_M3",,"0","4",,
"tax_cofins_value_107_52","COFINS Monofásico R$ 107,52 por Metro Cúbico","quantity","0.00","0.00","tax_group_cofins","cst_cofins_70","cst_cofins_03","107.52","base.BRL","l10n_br_fiscal.UOM_M3",,"0","4",,
"tax_cofins_value_121_59","COFINS Monofásico R$ 121,59 por Metro Cúbico","quantity","0.00","0.00","tax_group_cofins","cst_cofins_70","cst_cofins_03","121.59","base.BRL","l10n_br_fiscal.UOM_M3",,"0","4",,
"tax_cofins_value_121_6400","COFINS Monofásico R$ 121,6400 por Metro Cúbico","quantity","0.00","0.00","tax_group_cofins","cst_cofins_70","cst_cofins_03","121.64","base.BRL","l10n_br_fiscal.UOM_M3",,"0","4",,
"tax_cofins_value_137_8500","COFINS Monofásico R$ 137,8500 por Tonelada","quantity","0.00","0.00","tax_group_cofins","cst_cofins_70","cst_cofins_03","137.85","base.BRL","uom.product_uom_ton",,"0","4",,
"tax_cofins_value_14_79","COFINS Monofásico R$ 14,79 por Metro Cúbico","quantity","0.00","0.00","tax_group_cofins","cst_cofins_70","cst_cofins_03","14.79","base.BRL","l10n_br_fiscal.UOM_M3",,"0","4",,
"tax_cofins_value_215_0200","COFINS Monofásico R$ 215,0200 por Metro Cúbico","quantity","0.00","0.00","tax_group_cofins","cst_cofins_70","cst_cofins_03","215.02","base.BRL","l10n_br_fiscal.UOM_M3",,"0","4",,
"tax_cofins_value_288_89","COFINS Monofásico R$ 288,89 por Metro Cúbico","quantity","0.00","0.00","tax_group_cofins","cst_cofins_70","cst_cofins_03","288.89","base.BRL","l10n_br_fiscal.UOM_M3",,"0","4",,
"tax_cofins_value_47_85","COFINS Monofásico R$ 47,85 por Metro Cúbico","quantity","0.00","0.00","tax_group_cofins","cst_cofins_70","cst_cofins_03","47.85","base.BRL","l10n_br_fiscal.UOM_M3",,"0","4",,
"tax_cofins_value_58_5100","COFINS Monofásico R$ 58,5100 por Metro Cúbico","quantity","0.00","0.00","tax_group_cofins","cst_cofins_70","cst_cofins_03","58.51","base.BRL","l10n_br_fiscal.UOM_M3",,"0","4",,
"tax_cofins_value_651_40","COFINS Monofásico R$ 651,40 por Metro Cúbico","quantity","0.00","0.00","tax_group_cofins","cst_cofins_70","cst_cofins_03","651.4","base.BRL","l10n_br_fiscal.UOM_M3",,"0","4",,
"tax_cofins_value_73_93","COFINS Monofásico R$ 73,93 por Metro Cúbico","quantity","0.00","0.00","tax_group_cofins","cst_cofins_70","cst_cofins_03","73.93","base.BRL","l10n_br_fiscal.UOM_M3",,"0","4",,
"tax_cofins_value_91_10","COFINS Monofásico R$ 91,10 por Metro Cúbico","quantity","0.00","0.00","tax_group_cofins","cst_cofins_70","cst_cofins_03","91.1","base.BRL","l10n_br_fiscal.UOM_M3",,"0","4",,
"tax_cofins_wh_0","COFINS RET 0%","percent","0.00","0.00","tax_group_cofins_wh",,,,,,,"0","4",,
"tax_cofins_wh_3","COFINS RET 3%","percent","3.00","0.00","tax_group_cofins_wh",,,,,,,"0","4",,
"tax_cofins_wh_7_6","COFINS RET 7,6%","percent","7.60","0.00","tax_group_cofins_wh",,,,,,,"0","4",,
"tax_csll_1","CSLL 1%","percent","1.00","0.00","tax_group_csll",,,,,,,"0","4",,
"tax_csll_2_88","CSLL 2,88%","percent","2.88","0.00","tax_group_csll",,,,,,,"0","4",,
"tax_csll_nt","CSLL NT","percent","0.00","0.00","tax_group_csll",,,,,,,"0","4",,
"tax_csll_wh_1","CSLL RET 1%","percent","1.00","0.00","tax_group_csll_wh",,,,,,,"0","4",,
"tax_csll_wh_2_88","CSLL RET 2,88%","percent","2.88","0.00","tax_group_csll_wh",,,,,,,"0","4",,
"tax_icms_0","ICMS 0%","percent","0.00","0.00","tax_group_icms","cst_icms_00","cst_icms_00",,,,,"0","4",,
"tax_icms_1","ICMS 1%","percent","1.00","0.00","tax_group_icms","cst_icms_00","cst_icms_00",,,,,"0","4",,
"tax_icms_10","ICMS 10%","percent","10.00","0.00","tax_group_icms","cst_icms_00","cst_icms_00",,,,,"0","4",,
"tax_icms_12","ICMS 12%","percent","12.00","0.00","tax_group_icms","cst_icms_00","cst_icms_00",,,,,"0","4",,
"tax_icms_12_red_26_57","ICMS 12% Com Red. 26,57%","percent","12.00","26.57","tax_group_icms","cst_icms_20","cst_icms_20",,,,,"0","4",,
"tax_icms_12_red_41_67","ICMS 12% Com Red. 41,67%","percent","12.00","41.67","tax_group_icms","cst_icms_20","cst_icms_20",,,,,"0","4",,
"tax_icms_12_red_53_33","ICMS 12% Com Red. 53,33%","percent","12.00","53.33","tax_group_icms","cst_icms_20","cst_icms_20",,,,,"0","4",,
"tax_icms_13","ICMS 13%","percent","13.00","0.00","tax_group_icms","cst_icms_00","cst_icms_00",,,,,"0","4",,
"tax_icms_14","ICMS 14%","percent","14.00","0.00","tax_group_icms","cst_icms_00","cst_icms_00",,,,,"0","4",,
"tax_icms_16","ICMS 16%","percent","16.00","0.00","tax_group_icms","cst_icms_00","cst_icms_00",,,,,"0","4",,
"tax_icms_17","ICMS 17%","percent","17.00","0.00","tax_group_icms","cst_icms_00","cst_icms_00",,,,,"0","4",,
"tax_icms_17_5","ICMS 17,5%","percent","17.50","0.00","tax_group_icms","cst_icms_00","cst_icms_00",,,,,"0","4",,
"tax_icms_18","ICMS 18%","percent","18.00","0.00","tax_group_icms","cst_icms_00","cst_icms_00",,,,,"0","4",,
"tax_icms_18_red_51_11","ICMS 18% Com Red. 51,11%","percent","18.00","51.11","tax_group_icms","cst_icms_20","cst_icms_20",,,,,"0","4",,
"tax_icms_18_red_68_89","ICMS 18% Com Red. 68,89%","percent","18.00","68.89","tax_group_icms","cst_icms_20","cst_icms_20",,,,,"0","4",,
"tax_icms_19","ICMS 19%","percent","19.00","0.00","tax_group_icms","cst_icms_00","cst_icms_00",,,,,"0","4",,
"tax_icms_19_50","ICMS 19,50%","percent","19.50","0.00","tax_group_icms","cst_icms_00","cst_icms_00",,,,,"0","4",,
"tax_icms_20","ICMS 20%","percent","20.00","0.00","tax_group_icms","cst_icms_00","cst_icms_00",,,,,"0","4",,
"tax_icms_20_50","ICMS 20,50%","percent","20.50","0.00","tax_group_icms","cst_icms_00","cst_icms_00",,,,,"0","4",,
"tax_icms_21","ICMS 21%","percent","21.00","0.00","tax_group_icms","cst_icms_00","cst_icms_00",,,,,"0","4",,
"tax_icms_22","ICMS 22%","percent","22.00","0.00","tax_group_icms","cst_icms_00","cst_icms_00",,,,,"0","4",,
"tax_icms_25","ICMS 25%","percent","25.00","0.00","tax_group_icms","cst_icms_00","cst_icms_00",,,,,"0","4",,
"tax_icms_27","ICMS 27%","percent","27.00","0.00","tax_group_icms","cst_icms_00","cst_icms_00",,,,,"0","4",,
"tax_icms_28","ICMS 28%","percent","28.00","0.00","tax_group_icms","cst_icms_00","cst_icms_00",,,,,"0","4",,
"tax_icms_29","ICMS 29%","percent","29.00","0.00","tax_group_icms","cst_icms_00","cst_icms_00",,,,,"0","4",,
"tax_icms_30","ICMS 30%","percent","30.00","0.00","tax_group_icms","cst_icms_00","cst_icms_00",,,,,"0","4",,
"tax_icms_35","ICMS 35%","percent","35.00","0.00","tax_group_icms","cst_icms_00","cst_icms_00",,,,,"0","4",,
"tax_icms_37","ICMS 37%","percent","37.00","0.00","tax_group_icms","cst_icms_00","cst_icms_00",,,,,"0","4",,
"tax_icms_38","ICMS 38%","percent","38.00","0.00","tax_group_icms","cst_icms_00","cst_icms_00",,,,,"0","4",,
"tax_icms_4","ICMS 4%","percent","4.00","0.00","tax_group_icms","cst_icms_00","cst_icms_00",,,,,"0","4",,
"tax_icms_6","ICMS 6%","percent","6.00","0.00","tax_group_icms","cst_icms_00","cst_icms_00",,,,,"0","4",,
"tax_icms_7","ICMS 7%","percent","7.00","0.00","tax_group_icms","cst_icms_00","cst_icms_00",,,,,"0","4",,
"tax_icms_7_red_26_57","ICMS 7% Com Red. 26,57%","percent","7.00","26.57","tax_group_icms","cst_icms_20","cst_icms_20",,,,,"0","4",,
"tax_icms_7_red_41_43","ICMS 7% Com Red. 41,43%","percent","7.00","41.43","tax_group_icms","cst_icms_20","cst_icms_20",,,,,"0","4",,
"tax_icms_8_5","ICMS 8,5%","percent","8.50","0.00","tax_group_icms","cst_icms_00","cst_icms_00",,,,,"0","4",,
"tax_icms_9","ICMS 9%","percent","9.00","0.00","tax_group_icms","cst_icms_00","cst_icms_00",,,,,"0","4",,
"tax_icms_antst","ICMS Cobrado Ant. por ST","percent","0.00","0.00","tax_group_icms","cst_icms_60","cst_icms_60",,,,,"0","4",,
"tax_icms_diferimento","ICMS Diferimento","percent","0.00","0.00","tax_group_icms","cst_icms_51","cst_icms_51",,,,,"0","4",,
"tax_icms_isento","ICMS Isento","percent","0.00","0.00","tax_group_icms","cst_icms_40","cst_icms_40",,,,,"0","4",,
"tax_icms_nt","ICMS NT","percent","0.00","0.00","tax_group_icms","cst_icms_41","cst_icms_41",,,,,"0","4",,
"tax_icms_outras","ICMS Outras","percent","0.00","0.00","tax_group_icms","cst_icms_90","cst_icms_90",,,,,"0","4",,
"tax_icms_sn_cobrado_ant_st","ICMS SN cobrado anteriormente por ST ou por antecipação","percent","0.00","0.00","tax_group_icmssn","cst_icmssn_500","cst_icmssn_500",,,,,"0","4",,
"tax_icms_sn_com_credito","ICMS SN Com Permissão de Crédito","percent","0.00","0.00","tax_group_icmssn","cst_icmssn_101","cst_icmssn_101",,,,,"0","4",,
"tax_icms_sn_com_credito_st","ICMS SN Com Permissão de Crédito e Cobrança de ICMS por ST","percent","0.00","0.00","tax_group_icmssn","cst_icmssn_201","cst_icmssn_201",,,,,"0","4",,
"tax_icms_sn_imune","ICMS SN Imune","percent","0.00","0.00","tax_group_icmssn","cst_icmssn_300","cst_icmssn_300",,,,,"0","4",,
"tax_icms_sn_isento_faixa_bruta","ICMS SN Isento para a faixa de receita bruta","percent","0.00","0.00","tax_group_icmssn","cst_icmssn_103","cst_icmssn_103",,,,,"0","4",,
"tax_icms_sn_isento_st","ICMS SN Isento Para a Faixa de Receita Bruta e Cobrança de ICMS por ST","percent","0.00","0.00","tax_group_icmssn","cst_icmssn_203","cst_icmssn_203",,,,,"0","4",,
"tax_icms_sn_nt","ICMS SN Não Tributado","percent","0.00","0.00","tax_group_icmssn","cst_icmssn_400","cst_icmssn_400",,,,,"0","4",,
"tax_icms_sn_outros","ICMS SN Outros","percent","0.00","0.00","tax_group_icmssn","cst_icmssn_900","cst_icmssn_900",,,,,"0","4",,
"tax_icms_sn_sem_credito","ICMS SN Sem Permissão de Crédito","percent","0.00","0.00","tax_group_icmssn","cst_icmssn_102","cst_icmssn_102",,,,,"0","4",,
"tax_icms_sn_sem_credito_st","ICMS SN Sem Permissão de Crédito e Cobrança de ICMS por ST","percent","0.00","0.00","tax_group_icmssn","cst_icmssn_202","cst_icmssn_202",,,,,"0","4",,
"tax_icms_suspensao","ICMS Suspensão","percent","0.00","0.00","tax_group_icms","cst_icms_50","cst_icms_50",,,,,"0","4",,
"tax_icmsfcp_1","FCP 1%","percent","1.00","0.00","tax_group_icmsfcp",,,,,,,"0","4",,
"tax_icmsfcp_16","FCP 1,60%","percent","1.60","0.00","tax_group_icmsfcp",,,,,,,"0","4",,
"tax_icmsfcp_19","FCP 1,90%","percent","1.90","0.00","tax_group_icmsfcp",,,,,,,"0","4",,
"tax_icmsfcp_2","FCP 2%","percent","2.00","0.00","tax_group_icmsfcp",,,,,,,"0","4",,
"tax_icmsfcp_4","FCP 4%","percent","4.00","0.00","tax_group_icmsfcp",,,,,,,"0","4",,
"tax_icmsfcp_nt","FCP Não Tributado","percent","0.00","0.00","tax_group_icmsfcp",,,,,,,"0","4",,
"tax_icmsst_146","ICMS MVA 146%","percent","18.00","0.00","tax_group_icmsst",,,,,,,"0","4","146.0",
"tax_icmsst_148","ICMS MVA 148%","percent","18.00","0.00","tax_group_icmsst",,,,,,,"0","4","148.0",
"tax_icmsst_29_43","ICMS MVA 29,43%","percent","18.00","0.00","tax_group_icmsst",,,,,,,"0","4","29.43",
"tax_icmsst_40","ICMS MVA 40%","percent","18.00","0.00","tax_group_icmsst",,,,,,,"0","4","40.0",
"tax_icmsst_42_73","ICMS MVA 42,73%","percent","18.00","0.00","tax_group_icmsst",,,,,,,"0","4","42.73",
"tax_icmsst_47","ICMS MVA 47%","percent","18.00","0.00","tax_group_icmsst",,,,,,,"0","4","47.0",
"tax_icmsst_57","ICMS MVA 57%","percent","18.00","0.00","tax_group_icmsst",,,,,,,"0","4","57.0",
"tax_icmsst_71_48","ICMS MVA 71,48%","percent","18.00","0.00","tax_group_icmsst",,,,,,,"0","4","71.48",
"tax_ii_0","II 0%","percent","0.00","0.00","tax_group_ii",,,,,,,"0","4",,
"tax_ii_10","II 10%","percent","10.00","0.00","tax_group_ii",,,,,,,"0","4",,
"tax_ii_12","II 12%","percent","12.00","0.00","tax_group_ii",,,,,,,"0","4",,
"tax_ii_14","II 14%","percent","14.00","0.00","tax_group_ii",,,,,,,"0","4",,
"tax_ii_16","II 16%","percent","16.00","0.00","tax_group_ii",,,,,,,"0","4",,
"tax_ii_18","II 18%","percent","18.00","0.00","tax_group_ii",,,,,,,"0","4",,
"tax_ii_2","II 2%","percent","2.00","0.00","tax_group_ii",,,,,,,"0","4",,
"tax_ii_20","II 20%","percent","20.00","0.00","tax_group_ii",,,,,,,"0","4",,
"tax_ii_26","II 26%","percent","26.00","0.00","tax_group_ii",,,,,,,"0","4",,
"tax_ii_28","II 28%","percent","28.00","0.00","tax_group_ii",,,,,,,"0","4",,
"tax_ii_35","II 35%","percent","35.00","0.00","tax_group_ii",,,,,,,"0","4",,
"tax_ii_4","II 4%","percent","4.00","0.00","tax_group_ii",,,,,,,"0","4",,
"tax_ii_6","II 6%","percent","6.00","0.00","tax_group_ii",,,,,,,"0","4",,
"tax_ii_8","II 8%","percent","8.00","0.00","tax_group_ii",,,,,,,"0","4",,
"tax_inss_11","INSS 11%","percent","11.00","0.00","tax_group_inss",,,,,,,"0","4",,
"tax_inss_nt","INSS NT","percent","0.00","0.00","tax_group_inss",,,,,,,"0","4",,
"tax_inss_wh_11","INSS RET 11%","percent","11.00","0.00","tax_group_inss_wh",,,,,,,"0","4",,
"tax_inss_wh_nt","INSS RET NT","percent","0.00","0.00","tax_group_inss_wh",,,,,,,"0","4",,
"tax_ipi_0","IPI 0%","percent","0.00","0.00","tax_group_ipi","cst_ipi_01","cst_ipi_51",,,,,"0","4",,
"tax_ipi_0_65","IPI 0.65%","percent","0.65","0.00","tax_group_ipi","cst_ipi_00","cst_ipi_50",,,,,"0","4",,
"tax_ipi_10","IPI 10%","percent","10.00","0.00","tax_group_ipi","cst_ipi_00","cst_ipi_50",,,,,"0","4",,
"tax_ipi_10_4","IPI 10.4%","percent","10.40","0.00","tax_group_ipi","cst_ipi_00","cst_ipi_50",,,,,"0","4",,
"tax_ipi_11_25","IPI 11.25%","percent","11.25","0.00","tax_group_ipi","cst_ipi_00","cst_ipi_50",,,,,"0","4",,
"tax_ipi_11_7","IPI 11.7%","percent","11.70","0.00","tax_group_ipi","cst_ipi_00","cst_ipi_50",,,,,"0","4",,
"tax_ipi_12","IPI 12%","percent","12.00","0.00","tax_group_ipi","cst_ipi_00","cst_ipi_50",,,,,"0","4",,
"tax_ipi_13","IPI 13%","percent","13.00","0.00","tax_group_ipi","cst_ipi_00","cst_ipi_50",,,,,"0","4",,
"tax_ipi_14_3","IPI 14.3%","percent","14.30","0.00","tax_group_ipi","cst_ipi_00","cst_ipi_50",,,,,"0","4",,
"tax_ipi_15","IPI 15%","percent","15.00","0.00","tax_group_ipi","cst_ipi_00","cst_ipi_50",,,,,"0","4",,
"tax_ipi_15_6","IPI 15.6%","percent","15.60","0.00","tax_group_ipi","cst_ipi_00","cst_ipi_50",,,,,"0","4",,
"tax_ipi_16","IPI 16%","percent","16.00","0.00","tax_group_ipi","cst_ipi_00","cst_ipi_50",,,,,"0","4",,
"tax_ipi_16_25","IPI 16.25%","percent","16.25","0.00","tax_group_ipi","cst_ipi_00","cst_ipi_50",,,,,"0","4",,
"tax_ipi_18","IPI 18%","percent","18.00","0.00","tax_group_ipi","cst_ipi_00","cst_ipi_50",,,,,"0","4",,
"tax_ipi_18_81","IPI 18.81%","percent","18.81","0.00","tax_group_ipi","cst_ipi_00","cst_ipi_50",,,,,"0","4",,
"tax_ipi_19_5","IPI 19.5%","percent","19.50","0.00","tax_group_ipi","cst_ipi_00","cst_ipi_50",,,,,"0","4",,
"tax_ipi_1_3","IPI 1.3%","percent","1.30","0.00","tax_group_ipi","cst_ipi_00","cst_ipi_50",,,,,"0","4",,
"tax_ipi_1_95","IPI 1.95%","percent","1.95","0.00","tax_group_ipi","cst_ipi_00","cst_ipi_50",,,,,"0","4",,
"tax_ipi_2","IPI 2%","percent","2.00","0.00","tax_group_ipi","cst_ipi_00","cst_ipi_50",,,,,"0","4",,
"tax_ipi_20","IPI 20%","percent","20.00","0.00","tax_group_ipi","cst_ipi_00","cst_ipi_50",,,,,"0","4",,
"tax_ipi_22","IPI 22%","percent","22.00","0.00","tax_group_ipi","cst_ipi_00","cst_ipi_50",,,,,"0","4",,
"tax_ipi_24","IPI 24%","percent","24.00","0.00","tax_group_ipi","cst_ipi_00","cst_ipi_50",,,,,"0","4",,
"tax_ipi_25","IPI 25%","percent","25.00","0.00","tax_group_ipi","cst_ipi_00","cst_ipi_50",,,,,"0","4",,
"tax_ipi_26","IPI 26%","percent","26.00","0.00","tax_group_ipi","cst_ipi_00","cst_ipi_50",,,,,"0","4",,
"tax_ipi_27","IPI 27%","percent","27.00","0.00","tax_group_ipi","cst_ipi_00","cst_ipi_50",,,,,"0","4",,
"tax_ipi_27_3","IPI 27.3%","percent","27.30","0.00","tax_group_ipi","cst_ipi_00","cst_ipi_50",,,,,"0","4",,
"tax_ipi_29_25","IPI 29.25%","percent","29.25","0.00","tax_group_ipi","cst_ipi_00","cst_ipi_50",,,,,"0","4",,
"tax_ipi_2_6","IPI 2.6%","percent","2.60","0.00","tax_group_ipi","cst_ipi_00","cst_ipi_50",,,,,"0","4",,
"tax_ipi_3","IPI 3%","percent","3.00","0.00","tax_group_ipi","cst_ipi_00","cst_ipi_50",,,,,"0","4",,
"tax_ipi_30","IPI 30%","percent","30.00","0.00","tax_group_ipi","cst_ipi_00","cst_ipi_50",,,,,"0","4",,
"tax_ipi_300","IPI 300%","percent","300.00","0.00","tax_group_ipi","cst_ipi_00","cst_ipi_50",,,,,"0","4",,
"tax_ipi_33_86","IPI 33.86%","percent","33.86","0.00","tax_group_ipi","cst_ipi_00","cst_ipi_50",,,,,"0","4",,
"tax_ipi_35","IPI 35%","percent","35.00","0.00","tax_group_ipi","cst_ipi_00","cst_ipi_50",,,,,"0","4",,
"tax_ipi_39","IPI 39%","percent","39.00","0.00","tax_group_ipi","cst_ipi_00","cst_ipi_50",,,,,"0","4",,
"tax_ipi_3_25","IPI 3.25%","percent","3.25","0.00","tax_group_ipi","cst_ipi_00","cst_ipi_50",,,,,"0","4",,
"tax_ipi_3_75","IPI 3.75%","percent","3.75","0.00","tax_group_ipi","cst_ipi_00","cst_ipi_50",,,,,"0","4",,
"tax_ipi_3_9","IPI 3.9%","percent","3.90","0.00","tax_group_ipi","cst_ipi_00","cst_ipi_50",,,,,"0","4",,
"tax_ipi_4","IPI 4%","percent","4.00","0.00","tax_group_ipi","cst_ipi_00","cst_ipi_50",,,,,"0","4",,
"tax_ipi_40","IPI 40%","percent","40.00","0.00","tax_group_ipi","cst_ipi_00","cst_ipi_50",,,,,"0","4",,
"tax_ipi_42","IPI 42%","percent","42.00","0.00","tax_group_ipi","cst_ipi_00","cst_ipi_50",,,,,"0","4",,
"tax_ipi_45","IPI 45%","percent","45.00","0.00","tax_group_ipi","cst_ipi_00","cst_ipi_50",,,,,"0","4",,
"tax_ipi_4_55","IPI 4.55%","percent","4.55","0.00","tax_group_ipi","cst_ipi_00","cst_ipi_50",,,,,"0","4",,
"tax_ipi_5","IPI 5%","percent","5.00","0.00","tax_group_ipi","cst_ipi_00","cst_ipi_50",,,,,"0","4",,
"tax_ipi_50","IPI 50%","percent","50.00","0.00","tax_group_ipi","cst_ipi_00","cst_ipi_50",,,,,"0","4",,
"tax_ipi_5_2","IPI 5.2%","percent","5.20","0.00","tax_group_ipi","cst_ipi_00","cst_ipi_50",,,,,"0","4",,
"tax_ipi_5_27","IPI 5.27%","percent","5.27","0.00","tax_group_ipi","cst_ipi_00","cst_ipi_50",,,,,"0","4",,
"tax_ipi_6","IPI 6%","percent","6.00","0.00","tax_group_ipi","cst_ipi_00","cst_ipi_50",,,,,"0","4",,
"tax_ipi_60","IPI 60%","percent","60.00","0.00","tax_group_ipi","cst_ipi_00","cst_ipi_50",,,,,"0","4",,
"tax_ipi_6_5","IPI 6.5%","percent","6.50","0.00","tax_group_ipi","cst_ipi_00","cst_ipi_50",,,,,"0","4",,
"tax_ipi_7","IPI 7%","percent","7.00","0.00","tax_group_ipi","cst_ipi_00","cst_ipi_50",,,,,"0","4",,
"tax_ipi_7_5","IPI 7.5%","percent","7.50","0.00","tax_group_ipi","cst_ipi_00","cst_ipi_50",,,,,"0","4",,
"tax_ipi_7_8","IPI 7.8%","percent","7.80","0.00","tax_group_ipi","cst_ipi_00","cst_ipi_50",,,,,"0","4",,
"tax_ipi_8","IPI 8%","percent","8.00","0.00","tax_group_ipi","cst_ipi_00","cst_ipi_50",,,,,"0","4",,
"tax_ipi_9","IPI 9%","percent","9.00","0.00","tax_group_ipi","cst_ipi_00","cst_ipi_50",,,,,"0","4",,
"tax_ipi_9_75","IPI 9.75%","percent","9.75","0.00","tax_group_ipi","cst_ipi_00","cst_ipi_50",,,,,"0","4",,
"tax_ipi_9_78","IPI 9.78%","percent","9.78","0.00","tax_group_ipi","cst_ipi_00","cst_ipi_50",,,,,"0","4",,
"tax_ipi_imune","IPI Imune","percent","0.00","0.00","tax_group_ipi","cst_ipi_04","cst_ipi_54",,,,,"0","4",,
"tax_ipi_isento","IPI Isento","percent","0.00","0.00","tax_group_ipi","cst_ipi_02","cst_ipi_52",,,,,"0","4",,
"tax_ipi_nt","IPI NT","percent","0.00","0.00","tax_group_ipi","cst_ipi_03","cst_ipi_53",,,,,"0","4",,
"tax_ipi_outros","IPI Outros","percent","0.00","0.00","tax_group_ipi","cst_ipi_49","cst_ipi_99",,,,,"0","4",,
"tax_ipi_suspensao","IPI Com Suspensão","percent","0.00","0.00","tax_group_ipi","cst_ipi_05","cst_ipi_55",,,,,"0","4",,
"tax_irpj_1","IRPJ 1,5%","percent","1.50","0.00","tax_group_irpj",,,,,,,"0","4",,
"tax_irpj_4_6","IRPJ 4_8%","percent","4.80","0.00","tax_group_irpj",,,,,,,"0","4",,
"tax_irpj_nt","IRPJ NT","percent","0.00","0.00","tax_group_irpj",,,,,,,"0","4",,
"tax_irpj_wh_1","IRPJ RET 1,5%","percent","1.50","0.00","tax_group_irpj_wh",,,,,,,"0","4",,
"tax_irpj_wh_4_6","IRPJ RET 4_8%","percent","4.80","0.00","tax_group_irpj",,,,,,,"0","4",,
"tax_irpj_wh_nt","IRPJ RET NT","percent","0.00","0.00","tax_group_irpj_wh",,,,,,,"0","4",,
"tax_issqn_1","ISSQN 1%","percent","1.00","0.00","tax_group_issqn",,,,,,,"0","4",,
"tax_issqn_2","ISSQN 2%","percent","2.00","0.00","tax_group_issqn",,,,,,,"0","4",,
"tax_issqn_2_5","ISSQN 2,5%","percent","2.50","0.00","tax_group_issqn",,,,,,,"0","4",,
"tax_issqn_3","ISSQN 3%","percent","3.00","0.00","tax_group_issqn",,,,,,,"0","4",,
"tax_issqn_4","ISSQN 4%","percent","4.00","0.00","tax_group_issqn",,,,,,,"0","4",,
"tax_issqn_5","ISSQN 5%","percent","5.00","0.00","tax_group_issqn",,,,,,,"0","4",,
"tax_issqn_nt","ISSQN NT","percent","0.00","0.00","tax_group_issqn",,,,,,,"0","4",,
"tax_issqn_wh_1","ISSQN RET 1%","percent","1.00","0.00","tax_group_issqn_wh",,,,,,,"0","4",,
"tax_issqn_wh_2","ISSQN RET 2%","percent","2.00","0.00","tax_group_issqn_wh",,,,,,,"0","4",,
"tax_issqn_wh_2_5","ISSQN RET 2,5%","percent","2.50","0.00","tax_group_issqn_wh",,,,,,,"0","4",,
"tax_issqn_wh_3","ISSQN RET 3%","percent","3.00","0.00","tax_group_issqn_wh",,,,,,,"0","4",,
"tax_issqn_wh_4","ISSQN RET 4%","percent","4.00","0.00","tax_group_issqn_wh",,,,,,,"0","4",,
"tax_issqn_wh_5","ISSQN RET 5%","percent","5.00","0.00","tax_group_issqn_wh",,,,,,,"0","4",,
"tax_issqn_wh_nt","ISSQN RET NT","percent","0.00","0.00","tax_group_issqn_wh",,,,,,,"0","4",,
"tax_pis_0","PIS 0%","percent","0.00","0.00","tax_group_pis","cst_pis_73","cst_pis_06",,,,,"0","4",,
"tax_pis_0_65","PIS 0,65%","percent","0.65","0.00","tax_group_pis","cst_pis_50","cst_pis_01",,,,,"0","4",,
"tax_pis_1_65","PIS 1,65%","percent","1.65","0.00","tax_group_pis","cst_pis_50","cst_pis_01",,,,,"0","4",,
"tax_pis_aliqdif_0_65_cred_0","PIS Aliq. Dif 0,65% Crédito 0%","percent","0.00","0.00","tax_group_pis","cst_cofins_02","cst_cofins_98",,,,"0.65","0","4",,
"tax_pis_aliqdif_0_65_cred_0_65","PIS Aliq. Dif 0,65% Crédito 0,65%","percent","0.65","0.00","tax_group_pis","cst_cofins_02","cst_cofins_98",,,,"0.65","0","4",,
"tax_pis_aliqdif_0_65_cred_1","PIS Aliq. Dif 0,65% Crédito 1%","percent","1.00","0.00","tax_group_pis","cst_cofins_02","cst_cofins_98",,,,"0.65","0","4",,
"tax_pis_aliqdif_0_8_cred_0_8","PIS Aliq. Dif 0,80% Crédito 0,80%","percent","0.80","0.00","tax_group_pis","cst_cofins_02","cst_cofins_98",,,,"0.8","0","4",,
"tax_pis_aliqdif_0_cred_0","PIS Aliq. Dif 0% Crédito 0%","percent","0.00","0.00","tax_group_pis","cst_cofins_02","cst_cofins_98",,,,"0.0","0","4",,
"tax_pis_aliqdif_0_cred_0_18","PIS Aliq. Dif 0% Crédito 0,18%","percent","0.18","0.00","tax_group_pis","cst_cofins_02","cst_cofins_98",,,,"0.0","0","4",,
"tax_pis_aliqdif_0_cred_0_38","PIS Aliq. Dif 0% Crédito 0,38%","percent","0.38","0.00","tax_group_pis","cst_cofins_02","cst_cofins_98",,,,"0.0","0","4",,
"tax_pis_aliqdif_0_cred_0_54","PIS Aliq. Dif 0% Crédito 0,54%","percent","0.54","0.00","tax_group_pis","cst_cofins_02","cst_cofins_98",,,,"0.0","0","4",,
"tax_pis_aliqdif_0_cred_0_65","PIS Aliq. Dif 0% Crédito 0,65%","percent","0.65","0.00","tax_group_pis","cst_cofins_02","cst_cofins_98",,,,"0.0","0","4",,
"tax_pis_aliqdif_0_cred_1","PIS Aliq. Dif 0% Crédito 1%","percent","1.00","0.00","tax_group_pis","cst_cofins_02","cst_cofins_98",,,,"0.0","0","4",,
"tax_pis_aliqdif_0_cred_1_11","PIS Aliq. Dif 0% Crédito 1,11%","percent","1.11","0.00","tax_group_pis","cst_cofins_02","cst_cofins_98",,,,"0.0","0","4",,
"tax_pis_aliqdif_0_cred_1_19","PIS Aliq. Dif 0% Crédito 1,19%","percent","1.19","0.00","tax_group_pis","cst_cofins_02","cst_cofins_98",,,,"0.0","0","4",,
"tax_pis_aliqdif_0_cred_1_2375","PIS Aliq. Dif 0% Crédito 1,24%","percent","1.24","0.00","tax_group_pis","cst_cofins_02","cst_cofins_98",,,,"0.0","0","4",,
"tax_pis_aliqdif_0_cred_1_26","PIS Aliq. Dif 0% Crédito 1,26%","percent","1.26","0.00","tax_group_pis","cst_cofins_02","cst_cofins_98",,,,"0.0","0","4",,
"tax_pis_aliqdif_0_cred_1_3","PIS Aliq. Dif 0% Crédito 1,30%","percent","1.30","0.00","tax_group_pis","cst_cofins_02","cst_cofins_98",,,,"0.0","0","4",,
"tax_pis_aliqdif_0_cred_1_34","PIS Aliq. Dif 0% Crédito 1,34%","percent","1.34","0.00","tax_group_pis","cst_cofins_02","cst_cofins_98",,,,"0.0","0","4",,
"tax_pis_aliqdif_0_cred_1_42","PIS Aliq. Dif 0% Crédito 1,42%","percent","1.42","0.00","tax_group_pis","cst_cofins_02","cst_cofins_98",,,,"0.0","0","4",,
"tax_pis_aliqdif_0_cred_1_49","PIS Aliq. Dif 0% Crédito 1,49%","percent","1.49","0.00","tax_group_pis","cst_cofins_02","cst_cofins_98",,,,"0.0","0","4",,
"tax_pis_aliqdif_0_cred_1_50","PIS Aliq. Dif 0% Crédito 1,50%","percent","1.50","0.00","tax_group_pis","cst_cofins_02","cst_cofins_98",,,,"0.0","0","4",,
"tax_pis_aliqdif_0_cred_1_58","PIS Aliq. Dif 0% Crédito 1,58%","percent","1.58","0.00","tax_group_pis","cst_cofins_02","cst_cofins_98",,,,"0.0","0","4",,
"tax_pis_aliqdif_0_cred_1_59","PIS Aliq. Dif 0% Crédito 1,59%","percent","1.59","0.00","tax_group_pis","cst_cofins_02","cst_cofins_98",,,,"0.0","0","4",,
"tax_pis_aliqdif_0_cred_1_65","PIS Aliq. Dif 0% Crédito 1,65%","percent","1.65","0.00","tax_group_pis","cst_cofins_02","cst_cofins_98",,,,"0.0","0","4",,
"tax_pis_aliqdif_0_cred_1_67","PIS Aliq. Dif 0% Crédito 1,67%","percent","1.67","0.00","tax_group_pis","cst_cofins_02","cst_cofins_98",,,,"0.0","0","4",,
"tax_pis_aliqdif_0_cred_1_77","PIS Aliq. Dif 0% Crédito 1,77%","percent","1.77","0.00","tax_group_pis","cst_cofins_02","cst_cofins_98",,,,"0.0","0","4",,
"tax_pis_aliqdif_0_cred_1_86","PIS Aliq. Dif 0% Crédito 1,86%","percent","1.86","0.00","tax_group_pis","cst_cofins_02","cst_cofins_98",,,,"0.0","0","4",,
"tax_pis_aliqdif_0_cred_1_88","PIS Aliq. Dif 0% Crédito 1,88%","percent","1.88","0.00","tax_group_pis","cst_cofins_02","cst_cofins_98",,,,"0.0","0","4",,
"tax_pis_aliqdif_0_cred_1_97","PIS Aliq. Dif 0% Crédito 1,97%","percent","1.97","0.00","tax_group_pis","cst_cofins_02","cst_cofins_98",,,,"0.0","0","4",,
"tax_pis_aliqdif_0_cred_1_98","PIS Aliq. Dif 0% Crédito 1,98%","percent","1.98","0.00","tax_group_pis","cst_cofins_02","cst_cofins_98",,,,"0.0","0","4",,
"tax_pis_aliqdif_0_cred_2_09","PIS Aliq. Dif 0% Crédito 2,09%","percent","2.09","0.00","tax_group_pis","cst_cofins_02","cst_cofins_98",,,,"0.0","0","4",,
"tax_pis_aliqdif_0_cred_2_20","PIS Aliq. Dif 0% Crédito 2,20%","percent","2.20","0.00","tax_group_pis","cst_cofins_02","cst_cofins_98",,,,"0.0","0","4",,
"tax_pis_aliqdif_0_cred_3_31","PIS Aliq. Dif 0% Crédito 3,31%","percent","3.31","0.00","tax_group_pis","cst_cofins_02","cst_cofins_98",,,,"0.0","0","4",,
"tax_pis_aliqdif_0_cred_3_74","PIS Aliq. Dif 0% Crédito 3,74%","percent","3.74","0.00","tax_group_pis","cst_cofins_02","cst_cofins_98",,,,"0.0","0","4",,
"tax_pis_aliqdif_1_3_cred_0","PIS Aliq. Dif 1,30% Crédito 0%","percent","0.00","0.00","tax_group_pis","cst_cofins_02","cst_cofins_98",,,,"1.3","0","4",,
"tax_pis_aliqdif_1_3_cred_1_65","PIS Aliq. Dif 1,30% Crédito 1,65%","percent","1.65","0.00","tax_group_pis","cst_cofins_02","cst_cofins_98",,,,"1.3","0","4",,
"tax_pis_aliqdif_1_65_cred_0","PIS Aliq. Dif 1,65% Crédito 0%","percent","0.00","0.00","tax_group_pis","cst_cofins_02","cst_cofins_98",,,,"1.65","0","4",,
"tax_pis_aliqdif_2_1_cred_2_1","PIS Aliq. Dif 2,10% Crédito 2,10%","percent","2.10","0.00","tax_group_pis","cst_cofins_02","cst_cofins_98",,,,"2.1","0","4",,
"tax_pis_aliqdif_2_62_cred_2_62","PIS Aliq. Dif 2,62% Crédito 2,62%","percent","2.62","0.00","tax_group_pis","cst_cofins_02","cst_cofins_98",,,,"2.62","0","4",,
"tax_pis_aliqdif_2_68_cred_2_68","PIS Aliq. Dif 2,68% Crédito 2,68%","percent","2.68","0.00","tax_group_pis","cst_cofins_02","cst_cofins_98",,,,"2.68","0","4",,
"tax_pis_aliqdif_2_76_cred_2_76","PIS Aliq. Dif 2,76% Crédito 2,76%","percent","2.76","0.00","tax_group_pis","cst_cofins_02","cst_cofins_98",,,,"2.76","0","4",,
"tax_pis_aliqdif_3_12_cred_3_12","PIS Aliq. Dif 3,12% Crédito 3,12%","percent","3.12","0.00","tax_group_pis","cst_cofins_02","cst_cofins_98",,,,"3.12","0","4",,
"tax_pis_aliqdif_3_52_cred_3_52","PIS Aliq. Dif 3,52% Crédito 3,52%","percent","3.52","0.00","tax_group_pis","cst_cofins_02","cst_cofins_98",,,,"3.52","0","4",,
"tax_pis_isento","PIS Isento","percent","0.00","0.00","tax_group_pis","cst_pis_71","cst_pis_07",,,,,"0","4",,
"tax_pis_monofasico_0","PIS Monofásico 0%","percent","0.00","0.00","tax_group_pis","cst_pis_70","cst_pis_04",,,,,"0","4",,
"tax_pis_monofasico_1","PIS Monofásico 1%","percent","1.00","0.00","tax_group_pis","cst_pis_70","cst_pis_02",,,,,"0","4",,
"tax_pis_monofasico_10_20","PIS Monofásico 10,20%","percent","10.20","0.00","tax_group_pis","cst_pis_70","cst_pis_02",,,,,"0","4",,
"tax_pis_monofasico_1_49","PIS Monofásico 1,49%","percent","1.49","0.00","tax_group_pis","cst_pis_70","cst_pis_02",,,,,"0","4",,
"tax_pis_monofasico_1_50","PIS Monofásico 1,50%","percent","1.50","0.00","tax_group_pis","cst_pis_70","cst_pis_02",,,,,"0","4",,
"tax_pis_monofasico_1_65","PIS Monofásico 1,65%","percent","1.65","0.00","tax_group_pis","cst_pis_70","cst_pis_02",,,,,"0","4",,
"tax_pis_monofasico_1_67","PIS Monofásico 1,67%","percent","1.67","0.00","tax_group_pis","cst_pis_70","cst_pis_02",,,,,"0","4",,
"tax_pis_monofasico_1_86","PIS Monofásico 1,86%","percent","1.86","0.00","tax_group_pis","cst_pis_70","cst_pis_02",,,,,"0","4",,
"tax_pis_monofasico_2_00","PIS Monofásico 2,00%","percent","2.00","0.00","tax_group_pis","cst_pis_70","cst_pis_02",,,,,"0","4",,
"tax_pis_monofasico_2_09","PIS Monofásico 2,09%","percent","2.09","0.00","tax_group_pis","cst_pis_70","cst_pis_02",,,,,"0","4",,
"tax_pis_monofasico_2_10","PIS Monofásico 2,10%","percent","2.10","0.00","tax_group_pis","cst_pis_70","cst_pis_02",,,,,"0","4",,
"tax_pis_monofasico_2_20","PIS Monofásico 2,20%","percent","2.20","0.00","tax_group_pis","cst_pis_70","cst_pis_02",,,,,"0","4",,
"tax_pis_monofasico_2_30","PIS Monofásico 2,30%","percent","2.30","0.00","tax_group_pis","cst_pis_70","cst_pis_02",,,,,"0","4",,
"tax_pis_monofasico_2_32","PIS Monofásico 2,32%","percent","2.32","0.00","tax_group_pis","cst_pis_70","cst_pis_02",,,,,"0","4",,
"tax_pis_monofasico_3_75","PIS Monofásico 3,75%","percent","3.75","0.00","tax_group_pis","cst_pis_70","cst_pis_02",,,,,"0","4",,
"tax_pis_monofasico_4_21","PIS Monofásico 4,21%","percent","4.21","0.00","tax_group_pis","cst_pis_70","cst_pis_02",,,,,"0","4",,
"tax_pis_monofasico_5_00","PIS Monofásico 5,00%","percent","5.00","0.00","tax_group_pis","cst_pis_70","cst_pis_02",,,,,"0","4",,
"tax_pis_monofasico_5_08","PIS Monofásico 5,08%","percent","5.08","0.00","tax_group_pis","cst_pis_70","cst_pis_02",,,,,"0","4",,
"tax_pis_monofasico_6_15","PIS Monofásico 6,15%","percent","6.15","0.00","tax_group_pis","cst_pis_70","cst_pis_02",,,,,"0","4",,
"tax_pis_outros","PIS Outros","percent","0.00","0.00","tax_group_pis","cst_pis_98","cst_pis_49",,,,,"0","4",,
"tax_pis_seminc","PIS Sem Incidência","percent","0.00","0.00","tax_group_pis","cst_pis_74","cst_pis_08",,,,,"0","4",,
"tax_pis_st_0_65","PIS ST 0,65%","percent","0.65","0.00","tax_group_pisst","cst_pis_75","cst_pis_05",,,,,"0","4",,
"tax_pis_st_21_43","PIS ST 21,43%","percent","21.43","0.00","tax_group_pisst","cst_pis_75","cst_pis_05",,,,,"0","4",,
"tax_pis_st_8_57","PIS ST 8,57%","percent","8.57","0.00","tax_group_pisst","cst_pis_75","cst_pis_05",,,,,"0","4",,
"tax_pis_susp","PIS Com Suspensão","percent","0.00","0.00","tax_group_pis","cst_pis_72","cst_pis_09",,,,,"0","4",,
"tax_pis_value_0_0122","PIS Monofásico R$ 0,0122 por Litro","percent","0.00","0.00","tax_group_pis","cst_pis_70","cst_pis_03","0.0122","base.BRL","uom.product_uom_litre",,"0","4",,
"tax_pis_value_0_0125","PIS Monofásico R$ 0,0125 por Litro","percent","0.00","0.00","tax_group_pis","cst_pis_70","cst_pis_03","0.0125","base.BRL","uom.product_uom_litre",,"0","4",,
"tax_pis_value_0_0174","PIS Monofásico R$ 0,0174 por Litro","percent","0.00","0.00","tax_group_pis","cst_pis_70","cst_pis_03","0.0174","base.BRL","uom.product_uom_litre",,"0","4",,
"tax_pis_value_0_0177","PIS Monofásico R$ 0,0177 por Litro","percent","0.00","0.00","tax_group_pis","cst_pis_70","cst_pis_03","0.0177","base.BRL","uom.product_uom_litre",,"0","4",,
"tax_pis_value_0_0186","PIS Monofásico R$ 0,0186 por Litro","percent","0.00","0.00","tax_group_pis","cst_pis_70","cst_pis_03","0.0186","base.BRL","uom.product_uom_litre",,"0","4",,
"tax_pis_value_0_0211","PIS Monofásico R$ 0,0211 por Litro","percent","0.00","0.00","tax_group_pis","cst_pis_70","cst_pis_03","0.0211","base.BRL","uom.product_uom_litre",,"0","4",,
"tax_pis_value_0_0223","PIS Monofásico R$ 0,0223 por Litro","percent","0.00","0.00","tax_group_pis","cst_pis_70","cst_pis_03","0.0223","base.BRL","uom.product_uom_litre",,"0","4",,
"tax_pis_value_0_0226","PIS Monofásico R$ 0,0226 por Litro","percent","0.00","0.00","tax_group_pis","cst_pis_70","cst_pis_03","0.0226","base.BRL","uom.product_uom_litre",,"0","4",,
"tax_pis_value_0_0243","PIS Monofásico R$ 0,0243 por Litro","percent","0.00","0.00","tax_group_pis","cst_pis_70","cst_pis_03","0.0243","base.BRL","uom.product_uom_litre",,"0","4",,
"tax_pis_value_0_0253","PIS Monofásico R$ 0,0253 por Litro","percent","0.00","0.00","tax_group_pis","cst_pis_70","cst_pis_03","0.0253","base.BRL","uom.product_uom_litre",,"0","4",,
"tax_pis_value_0_0292","PIS Monofásico R$ 0,0292 por Litro","percent","0.00","0.00","tax_group_pis","cst_pis_70","cst_pis_03","0.0292","base.BRL","uom.product_uom_litre",,"0","4",,
"tax_pis_value_0_0338","PIS Monofásico R$ 0,0338 por Litro","percent","0.00","0.00","tax_group_pis","cst_pis_70","cst_pis_03","0.0338","base.BRL","uom.product_uom_litre",,"0","4",,
"tax_pis_value_0_0341","PIS Monofásico R$ 0,0341 por Litro","percent","0.00","0.00","tax_group_pis","cst_pis_70","cst_pis_03","0.0341","base.BRL","uom.product_uom_litre",,"0","4",,
"tax_pis_value_0_0348","PIS Monofásico R$ 0,0348 por Litro","percent","0.00","0.00","tax_group_pis","cst_pis_70","cst_pis_03","0.0348","base.BRL","uom.product_uom_litre",,"0","4",,
"tax_pis_value_0_0371","PIS Monofásico R$ 0,0371 por Litro","percent","0.00","0.00","tax_group_pis","cst_pis_70","cst_pis_03","0.0371","base.BRL","uom.product_uom_litre",,"0","4",,
"tax_pis_value_0_0455","PIS Monofásico R$ 0,0455 por Litro","percent","0.00","0.00","tax_group_pis","cst_pis_70","cst_pis_03","0.0455","base.BRL","uom.product_uom_litre",,"0","4",,
"tax_pis_value_0_0464","PIS Monofásico R$ 0,0464 por Litro","percent","0.00","0.00","tax_group_pis","cst_pis_70","cst_pis_03","0.0464","base.BRL","uom.product_uom_litre",,"0","4",,
"tax_pis_value_0_0503","PIS Monofásico R$ 0,0503 por Litro","percent","0.00","0.00","tax_group_pis","cst_pis_70","cst_pis_03","0.0503","base.BRL","uom.product_uom_litre",,"0","4",,
"tax_pis_value_0_0536","PIS Monofásico R$ 0,0536 por Litro","percent","0.00","0.00","tax_group_pis","cst_pis_70","cst_pis_03","0.0536","base.BRL","uom.product_uom_litre",,"0","4",,
"tax_pis_value_0_0568","PIS Monofásico R$ 0,0568 por Litro","percent","0.00","0.00","tax_group_pis","cst_pis_70","cst_pis_03","0.0568","base.BRL","uom.product_uom_litre",,"0","4",,
"tax_pis_value_0_065","PIS Monofásico R$ 0,065 por Litro","percent","0.00","0.00","tax_group_pis","cst_pis_70","cst_pis_03","0.065","base.BRL","uom.product_uom_litre",,"0","4",,
"tax_pis_value_0_0715","PIS Monofásico R$ 0,0715 por Litro","percent","0.00","0.00","tax_group_pis","cst_pis_70","cst_pis_03","0.0715","base.BRL","uom.product_uom_litre",,"0","4",,
"tax_pis_value_0_0763","PIS Monofásico R$ 0,0763 por Litro","percent","0.00","0.00","tax_group_pis","cst_pis_70","cst_pis_03","0.0763","base.BRL","uom.product_uom_litre",,"0","4",,
"tax_pis_value_0_0909","PIS Monofásico R$ 0,0909 por Litro","percent","0.00","0.00","tax_group_pis","cst_pis_70","cst_pis_03","0.0909","base.BRL","uom.product_uom_litre",,"0","4",,
"tax_pis_value_0_1104","PIS Monofásico R$ 0,1104 por Litro","percent","0.00","0.00","tax_group_pis","cst_pis_70","cst_pis_03","0.1104","base.BRL","uom.product_uom_litre",,"0","4",,
"tax_pis_value_10_39","PIS Monofásico R$ 10,39 por Metro Cúbico","percent","0.00","0.00","tax_group_pis","cst_pis_70","cst_pis_03","10.39","base.BRL","l10n_br_fiscal.UOM_M3",,"0","4",,
"tax_pis_value_12_6900","PIS Monofásico R$ 12,6900 por Metro Cúbico","percent","0.00","0.00","tax_group_pis","cst_pis_70","cst_pis_03","12.69","base.BRL","l10n_br_fiscal.UOM_M3",,"0","4",,
"tax_pis_value_141_10","PIS Monofásico R$ 141,10 por Metro Cúbico","percent","0.00","0.00","tax_group_pis","cst_pis_70","cst_pis_03","141.1","base.BRL","l10n_br_fiscal.UOM_M3",,"0","4",,
"tax_pis_value_16_07","PIS Monofásico R$ 16,07 por Metro Cúbico","percent","0.00","0.00","tax_group_pis","cst_pis_70","cst_pis_03","16.07","base.BRL","l10n_br_fiscal.UOM_M3",,"0","4",,
"tax_pis_value_19_81","PIS Monofásico R$ 19,81 por Metro Cúbico","percent","0.00","0.00","tax_group_pis","cst_pis_70","cst_pis_03","19.81","base.BRL","l10n_br_fiscal.UOM_M3",,"0","4",,
"tax_pis_value_22_48","PIS Monofásico R$ 22,48 por Metro Cúbico","percent","0.00","0.00","tax_group_pis","cst_pis_70","cst_pis_03","22.48","base.BRL","l10n_br_fiscal.UOM_M3",,"0","4",,
"tax_pis_value_23_38","PIS Monofásico R$ 23,38 por Metro Cúbico","percent","0.00","0.00","tax_group_pis","cst_pis_70","cst_pis_03","23.38","base.BRL","l10n_br_fiscal.UOM_M3",,"0","4",,
"tax_pis_value_26_3600","PIS Monofásico R$ 26,3600 por Metro Cúbico","percent","0.00","0.00","tax_group_pis","cst_pis_70","cst_pis_03","26.36","base.BRL","l10n_br_fiscal.UOM_M3",,"0","4",,
"tax_pis_value_26_41","PIS Monofásico R$ 26,41 por Metro Cúbico","percent","0.00","0.00","tax_group_pis","cst_pis_70","cst_pis_03","26.41","base.BRL","l10n_br_fiscal.UOM_M3",,"0","4",,
"tax_pis_value_29_8500","PIS Monofásico R$ 29,8500 por Tonelada","percent","0.00","0.00","tax_group_pis","cst_pis_70","cst_pis_03","29.85","base.BRL","uom.product_uom_ton",,"0","4",,
"tax_pis_value_3_21","PIS Monofásico R$ 3,21 por Metro Cúbico","percent","0.00","0.00","tax_group_pis","cst_pis_70","cst_pis_03","3.21","base.BRL","l10n_br_fiscal.UOM_M3",,"0","4",,
"tax_pis_value_46_5800","PIS Monofásico R$ 46,5800 por Metro Cúbico","percent","0.00","0.00","tax_group_pis","cst_pis_70","cst_pis_03","46.58","base.BRL","l10n_br_fiscal.UOM_M3",,"0","4",,
"tax_pis_value_62_61","PIS Monofásico R$ 62,61 por Metro Cúbico","percent","0.00","0.00","tax_group_pis","cst_pis_70","cst_pis_03","62.61","base.BRL","l10n_br_fiscal.UOM_M3",,"0","4",,
"tax_pis_wh_0","PIS RET 0%","percent","0.00","0.00","tax_group_pis_wh",,,,,,,"0","4",,
"tax_pis_wh_0_65","PIS RET 0,65%","percent","0.65","0.00","tax_group_pis_wh",,,,,,,"0","4",,
"tax_pis_wh_1_65","PIS RET 1,65%","percent","1.65","0.00","tax_group_pis_wh",,,,,,,"0","4",,
"tax_simples","Simples Nacional","percent","0.00","0.00","tax_group_simples",,,,,,,"0","4",,
