"id","code","name","cst_type","tax_group_id:id"
"cst_icms_00","00","Tributada integralmente","all","tax_group_icms"
"cst_icms_10","10","Tributada e com cobrança do ICMS por substituição tributária","all","tax_group_icms"
"cst_icms_20","20","Com redução de base de cálculo","all","tax_group_icms"
"cst_icms_30","30","Isenta ou não tributada e com cobrança do ICMS por substituição tributária","all","tax_group_icms"
"cst_icms_40","40","Isenta","all","tax_group_icms"
"cst_icms_41","41","Não tributada","all","tax_group_icms"
"cst_icms_50","50","Suspensão","all","tax_group_icms"
"cst_icms_51","51","Diferimento","all","tax_group_icms"
"cst_icms_60","60","ICMS cobrado anteriormente por substituição tributária","all","tax_group_icms"
"cst_icms_70","70","Com redução de base de cálculo e cobrança do ICMS por substituição tributária","all","tax_group_icms"
"cst_icms_90","90","Outras","all","tax_group_icms"
"cst_icmssn_101","101","Tributada com permissão de crédito","all","tax_group_icmssn"
"cst_icmssn_102","102","Tributada sem permissão de crédito","all","tax_group_icmssn"
"cst_icmssn_103","103","Isento de icms para a faixa de receita bruta","all","tax_group_icmssn"
"cst_icmssn_201","201","Tributada com permissão de crédito e cobrança de ICMS por ST","all","tax_group_icmssn"
"cst_icmssn_202","202","Tributada sem permissão de crédito e cobrança de ICMS por ST","all","tax_group_icmssn"
"cst_icmssn_203","203","Isento de ICMS para a faixa de receita bruta e cobrança de ICMS por ST","all","tax_group_icmssn"
"cst_icmssn_300","300","Imune","all","tax_group_icmssn"
"cst_icmssn_400","400","Não tributada pelo SIMPLES","all","tax_group_icmssn"
"cst_icmssn_500","500","ICMS cobrado anteriormente por ST ou por antecipação","all","tax_group_icmssn"
"cst_icmssn_900","900","Outros","all","tax_group_icmssn"
"cst_ipi_00","00","Entrada com recuperação de crédito","in","tax_group_ipi"
"cst_ipi_01","01","Entrada tributada com alíquota zero","in","tax_group_ipi"
"cst_ipi_02","02","Entrada isenta","in","tax_group_ipi"
"cst_ipi_03","03","Entrada não-tributada","in","tax_group_ipi"
"cst_ipi_04","04","Entrada imune","in","tax_group_ipi"
"cst_ipi_05","05","Entrada com suspensão","in","tax_group_ipi"
"cst_ipi_49","49","Outras entradas","in","tax_group_ipi"
"cst_ipi_50","50","Saída tributada","out","tax_group_ipi"
"cst_ipi_51","51","Saída tributada com alíquota zero","out","tax_group_ipi"
"cst_ipi_52","52","Saída isenta","out","tax_group_ipi"
"cst_ipi_53","53","Saída não-tributada","out","tax_group_ipi"
"cst_ipi_54","54","Saída imune","out","tax_group_ipi"
"cst_ipi_55","55","Saída com suspensão","out","tax_group_ipi"
"cst_ipi_99","99","Outras saídas","out","tax_group_ipi"
"cst_pis_01","01","Operação Tributável com Alíquota Básica","out","tax_group_pis"
"cst_pis_02","02","Operação Tributável com Alíquota Diferenciada","out","tax_group_pis"
"cst_pis_03","03","Operação Tributável com Alíquota por Unidade de Medida de Produto","out","tax_group_pis"
"cst_pis_04","04","Operação Tributável Monofásica - Revenda a Alíquota Zero","out","tax_group_pis"
"cst_pis_05","05","Operação Tributável por Substituição Tributária","out","tax_group_pis"
"cst_pis_06","06","Operação Tributável a Alíquota Zero","out","tax_group_pis"
"cst_pis_07","07","Operação Isenta da Contribuição","out","tax_group_pis"
"cst_pis_08","08","Operação sem Incidência da Contribuição","out","tax_group_pis"
"cst_pis_09","09","Operação com Suspensão da Contribuição","out","tax_group_pis"
"cst_pis_49","49","Outras Operações de Saída","out","tax_group_pis"
"cst_pis_50","50","Operação com Direito a Crédito - Vinculada Exclusivamente a Receita Tributada no Mercado Interno","in","tax_group_pis"
"cst_pis_51","51","Operação com Direito a Crédito – Vinculada Exclusivamente a Receita Não Tributada no Mercado Interno","in","tax_group_pis"
"cst_pis_52","52","Operação com Direito a Crédito - Vinculada Exclusivamente a Receita de Exportação","in","tax_group_pis"
"cst_pis_53","53","Operação com Direito a Crédito - Vinculada a Receitas Tributadas e Não-Tributadas no Mercado Interno","in","tax_group_pis"
"cst_pis_54","54","Operação com Direito a Crédito - Vinculada a Receitas Tributadas no Mercado Interno e de Exportação","in","tax_group_pis"
"cst_pis_55","55","Operação com Direito a Crédito - Vinculada a Receitas Não-Tributadas no Mercado Interno e de Exportação","in","tax_group_pis"
"cst_pis_56","56","Operação com Direito a Crédito - Vinculada a Receitas Tributadas e Não-Tributadas no Mercado Interno, e de Exportação","in","tax_group_pis"
"cst_pis_60","60","Crédito Presumido - Operação de Aquisição Vinculada Exclusivamente a Receita Tributada no Mercado Interno","in","tax_group_pis"
"cst_pis_61","61","Crédito Presumido - Operação de Aquisição Vinculada Exclusivamente a Receita Não-Tributada no Mercado Interno","in","tax_group_pis"
"cst_pis_62","62","Crédito Presumido - Operação de Aquisição Vinculada Exclusivamente a Receita de Exportação","in","tax_group_pis"
"cst_pis_63","63","Crédito Presumido - Operação de Aquisição Vinculada a Receitas Tributadas e Não-Tributadas no Mercado Interno","in","tax_group_pis"
"cst_pis_64","64","Crédito Presumido - Operação de Aquisição Vinculada a Receitas Tributadas no Mercado Interno e de Exportação","in","tax_group_pis"
"cst_pis_65","65","Crédito Presumido - Operação de Aquisição Vinculada a Receitas Não-Tributadas no Mercado Interno e de Exportação","in","tax_group_pis"
"cst_pis_66","66","Crédito Presumido - Operação de Aquisição Vinculada a Receitas Tributadas e Não-Tributadas no Mercado Interno, e de Exportação","in","tax_group_pis"
"cst_pis_67","67","Crédito Presumido - Outras Operações","in","tax_group_pis"
"cst_pis_70","70","Operação de Aquisição sem Direito a Crédito","in","tax_group_pis"
"cst_pis_71","71","Operação de Aquisição com Isenção","in","tax_group_pis"
"cst_pis_72","72","Operação de Aquisição com Suspensão","in","tax_group_pis"
"cst_pis_73","73","Operação de Aquisição a Alíquota Zero","in","tax_group_pis"
"cst_pis_74","74","Operação de Aquisição sem Incidência da Contribuição","in","tax_group_pis"
"cst_pis_75","75","Operação de Aquisição por Substituição Tributária","in","tax_group_pis"
"cst_pis_98","98","Outras Operações de Entrada","in","tax_group_pis"
"cst_pis_99","99","Outras Operações","out","tax_group_pis"
"cst_cofins_01","01","Operação Tributável com Alíquota Básica","out","tax_group_cofins"
"cst_cofins_02","02","Operação Tributável com Alíquota Diferenciada","out","tax_group_cofins"
"cst_cofins_03","03","Operação Tributável com Alíquota por Unidade de Medida de Produto","out","tax_group_cofins"
"cst_cofins_04","04","Operação Tributável Monofásica - Revenda a Alíquota Zero","out","tax_group_cofins"
"cst_cofins_05","05","Operação Tributável por Substituição Tributária","out","tax_group_cofins"
"cst_cofins_06","06","Operação Tributável a Alíquota zero","out","tax_group_cofins"
"cst_cofins_07","07","Operação Isenta da Contribuição","out","tax_group_cofins"
"cst_cofins_08","08","Operação sem Incidência da Contribuição","out","tax_group_cofins"
"cst_cofins_09","09","Operação com Suspensão da Contribuição","out","tax_group_cofins"
"cst_cofins_49","49","Outras Operações de Saída","out","tax_group_cofins"
"cst_cofins_50","50","Operação com Direito a Crédito - Vinculada Exclusivamente a Receita Tributada no Mercado Interno","in","tax_group_cofins"
"cst_cofins_51","51","Operação com Direito a Crédito - Vinculada Exclusivamente a Receita Não-Tributada no Mercado Interno","in","tax_group_cofins"
"cst_cofins_52","52","Operação com Direito a Crédito - Vinculada Exclusivamente a Receita de Exportação","in","tax_group_cofins"
"cst_cofins_53","53","Operação com Direito a Crédito - Vinculada a Receitas Tributadas e Não-Tributadas no Mercado Interno","in","tax_group_cofins"
"cst_cofins_54","54","Operação com Direito a Crédito - Vinculada a Receitas Tributadas no Mercado Interno e de Exportação","in","tax_group_cofins"
"cst_cofins_55","55","Operação com Direito a Crédito - Vinculada a Receitas Não Tributadas no Mercado Interno e de Exportação","in","tax_group_cofins"
"cst_cofins_56","56","Operação com Direito a Crédito - Vinculada a Receitas Tributadas e Não-Tributadas no Mercado Interno e de Exportação","in","tax_group_cofins"
"cst_cofins_60","60","Crédito Presumido - Operação de Aquisição Vinculada Exclusivamente a Receita Tributada no Mercado Interno","in","tax_group_cofins"
"cst_cofins_61","61","Crédito Presumido - Operação de Aquisição Vinculada Exclusivamente a Receita Não-Tributada no Mercado Interno","in","tax_group_cofins"
"cst_cofins_62","62","Crédito Presumido - Operação de Aquisição Vinculada Exclusivamente a Receita de Exportação","in","tax_group_cofins"
"cst_cofins_63","63","Crédito Presumido - Operação de Aquisição Vinculada a Receitas Tributadas e Não-Tributadas no Mercado Interno","in","tax_group_cofins"
"cst_cofins_64","64","Crédito Presumido - Operação de Aquisição Vinculada a Receitas Tributadas no Mercado Interno e de Exportação","in","tax_group_cofins"
"cst_cofins_65","65","Crédito Presumido - Operação de Aquisição Vinculada a Receitas Não-Tributadas no Mercado Interno e de Exportação","in","tax_group_cofins"
"cst_cofins_66","66","Crédito Presumido - Operação de Aquisição Vinculada a Receitas Tributadas e Não-Tributadas no Mercado Interno e de Exportação","in","tax_group_cofins"
"cst_cofins_67","67","Crédito Presumido - Outras Operações","in","tax_group_cofins"
"cst_cofins_70","70","Operação de Aquisição sem Direito a Crédito","in","tax_group_cofins"
"cst_cofins_71","71","Operação de Aquisição com Isenção","in","tax_group_cofins"
"cst_cofins_72","72","Operação de Aquisição com Suspensão","in","tax_group_cofins"
"cst_cofins_73","73","Operação de Aquisição a Alíquota Zero","in","tax_group_cofins"
"cst_cofins_74","74","Operação de Aquisição sem Incidência da Contribuição","in","tax_group_cofins"
"cst_cofins_75","75","Operação de Aquisição por Substituição Tributária","in","tax_group_cofins"
"cst_cofins_98","98","Outras Operações de Entrada","in","tax_group_cofins"
"cst_cofins_99","99","Outras Operações","out","tax_group_cofins"
