<?xml version="1.0" encoding="utf-8" ?>
<odoo noupdate="1">

    <record id="module_category_l10n_br_fiscal_management" model="ir.module.category">
        <field name="name">Brazilian Fiscal</field>
        <field
            name="description"
        >Extends Odoo to helps you manage your brazilian fiscal documents, taxes and etc...</field>
        <field name="sequence">30</field>
    </record>

    <record id="group_user" model="res.groups">
        <field name="name">Fiscal User</field>
        <field name="category_id" ref="module_category_l10n_br_fiscal_management" />
    </record>

    <record id="group_manager" model="res.groups">
        <field name="name">Fiscal Manager</field>
        <field name="category_id" ref="module_category_l10n_br_fiscal_management" />
        <field name="implied_ids" eval="[(4, ref('l10n_br_fiscal.group_user'))]" />
    </record>

    <record id="group_data_maintenance" model="res.groups">
        <field name="name">Fiscal Data Maitenance</field>
        <field name="category_id" ref="base.module_category_hidden" />
    </record>

    <record id="base.user_admin" model="res.users">
        <field
            name="groups_id"
            eval="[(4, ref('l10n_br_fiscal.group_manager'), ref('l10n_br_fiscal.group_data_maintenance'))]"
        />
    </record>

    <record id="l10n_br_fiscal_tax_estimate_rule" model="ir.rule">
        <field name="name">Fiscal Tax Estimate multi-company</field>
        <field name="model_id" ref="model_l10n_br_fiscal_tax_estimate" />
        <field eval="True" name="global" />
        <field
            name="domain_force"
        >['|',('company_id','=',False),('company_id','in',company_ids)]</field>
    </record>

    <record id="l10n_br_fiscal_operation_line_rule" model="ir.rule">
        <field name="name">Fiscal Operation multi-company</field>
        <field name="model_id" ref="model_l10n_br_fiscal_operation" />
        <field eval="True" name="global" />
        <field
            name="domain_force"
        >['|',('company_id','=',False),('company_id','in',company_ids)]</field>
    </record>

    <record id="l10n_br_fiscal_document_serie_rule" model="ir.rule">
        <field name="name">Fiscal Document Serie multi-company</field>
        <field name="model_id" ref="model_l10n_br_fiscal_document_serie" />
        <field eval="True" name="global" />
        <field
            name="domain_force"
        >['|',('company_id','=',False),('company_id','in',company_ids)]</field>
    </record>

    <record id="l10n_br_fiscal_document_rule" model="ir.rule">
        <field name="name">Fiscal Document multi-company</field>
        <field name="model_id" ref="model_l10n_br_fiscal_document" />
        <field eval="True" name="global" />
        <field
            name="domain_force"
        >['|',('company_id','=',False),('company_id','in',company_ids)]</field>
    </record>

    <record id="l10n_br_fiscal_document_line_rule" model="ir.rule">
        <field name="name">Fiscal Document line multi-company</field>
        <field name="model_id" ref="model_l10n_br_fiscal_document_line" />
        <field eval="True" name="global" />
        <field
            name="domain_force"
        >['|',('company_id','=',False),('company_id','in',company_ids)]</field>
    </record>

    <record id="l10n_br_fiscal_document_email_rule" model="ir.rule">
        <field name="name">Fiscal Document Email multi-company</field>
        <field name="model_id" ref="model_l10n_br_fiscal_document_email" />
        <field eval="True" name="global" />
        <field
            name="domain_force"
        >['|',('company_id','=',False),('company_id','in',company_ids)]</field>
    </record>

</odoo>
